업체명	배출량	주소	시	군구	위도	경도
(유)셀가드코리아	134888	충청북도 청주시 청원구 오창읍 연구단지로 208	충청북도	청주시 청원구 오창읍	127.4365881	36.7182657
(유)피피지코리아	421	부산광역시 남구 신선로356번길 21	부산광역시	남구	129.0975615	35.1167928
(유)피피지코리아	306	충청남도 천안시 동남구 풍세면 용두4길 60	충청남도	천안시 동남구 풍세면	127.1171733	36.7454357
(주)EG메탈	0	울산광역시 남구 처용로 687	울산광역시	남구	129.3550919	35.4692579
(주)LG생명과학온산공장	1456	울산광역시 울주군 온산읍 화산리 580번지 이지로 19	울산광역시	울주군 온산읍	129.3295643	35.4309669
(주)LG생활건강	60	울산광역시 울주군 온양읍 덕망로 275 LG생활건강	울산광역시	울주군 온양읍	129.2930111	35.4519662
(주)LG화학	5275	전라남도 여수시 여수산단4로 58	전라남도	여수시	127.6857423	34.8334587
(주)LG화학나주공장	1750	전라남도 나주시 나주로 54	전라남도	나주시	126.718351	35.0258461
(주)LG화학대산공장	17654	충청남도 서산시 대산읍 독곶1로 54 LG화학 대산공장	충청남도	서산시 대산읍	126.3807672	37.0071004
(주)LG화학익산공장	0	전라북도 익산시 석암로 99	전라북도	익산시	127.0044739	35.9492737
(주)SFC	309	전라남도 여수시 여수산단1로 342-42	전라남도	여수시	127.6485828	34.8316202
(주)SIMPACMETALLOY제2공장	0	경상북도 포항시 남구 서원재로 22	경상북도	포항시 남구	129.3860742	35.9868801
(주)SNOGEN	318	충청남도 천안시 동남구 광덕면 세종로 4162 주)SNOGEN	충청남도	천안시 동남구 광덕면	127.1596455	36.6917065
(주)TSR	398	경상북도 구미시 수출대로7길 11	경상북도	구미시	128.3767222	36.1126169
(주)강남	99	부산광역시 사하구 구평로 16	부산광역시	사하구	128.9919924	35.0757044
(주)건화	12265	경상남도 거제시 연초면 연하해안로 841-54	경상남도	거제시 연초면	128.5960646	34.9407318
(주)건화이엔지	3	경상북도 경산시 진량읍 공단8로 91	경상북도	경산시 진량읍	128.8303832	35.8664521
(주)경기색소	0	부산광역시 사하구 을숙도대로 526	부산광역시	사하구	128.9629581	35.084722
(주)경농	14	대구광역시 달서구 달서대로58길 15	대구광역시	달서구	128.4944393	35.8257395
(주)경보제약	3074	충청남도 아산시 실옥로 174	충청남도	아산시	126.98213	36.7949961
(주)경인	6	인천광역시 부평구 경인로1024번길 33	인천광역시	부평구	126.7340725	37.4859335
(주)경인금속공업	0	인천광역시 서구 원전로59번길 23	인천광역시	서구	126.6444169	37.5518395
(주)경인양행	1538	인천광역시 서구 건지로 199	인천광역시	서구	126.6641026	37.4996885
(주)경인양행	13	경기도 시흥시 경제로 27	경기도	시흥시	126.7023546	37.3406743
(주)경인양행	1283	경기도 안산시 단원구 산단로 26	경기도	안산시 단원구	126.7850894	37.2978009
(주)경일금속	941	부산광역시 강서구 녹산산단261로31번길 9	부산광역시	강서구	128.8450183	35.0915535
(주)고려비엔피	32	충청남도 예산군 신암면 추사로 235-9 신암산업단지	충청남도	예산군 신암면	126.8228226	36.7461959
(주)고려시멘트	0	전라남도 장성군 장성읍 영천로 35	전라남도	장성군 장성읍	126.7790113	35.2921911
(주)광성금속	153	충청남도 천안시 동남구 성남면 용원4길 87-61 용원리	충청남도	천안시 동남구 성남면	127.2148693	36.7453679
(주)광성텍	2	충청북도 음성군 삼성면 금일로 701	충청북도	음성군 삼성면	127.5143154	37.0156391
(주)광원목재	3	경기 평택시 포승읍 평택항만길 425	경기도	평택시 포승읍	126.8314578	36.9821786
(주)광진피엠	0	광주광역시 북구 첨단벤처로 156	광주광역시	북구	126.8581	35.235868
(주)교우산업	198	경기도 시흥시 옥구천서로131번길 21	경기도	시흥시	126.7086481	37.3390741
(주)국인산업	10	경상북도 구미시 3공단3로 46-79	경상북도	구미시	128.4139321	36.0853002
(주)국제금속	214	경상북도 영천시 금호읍 오계공단길 1-61 오계리 34-3번지	경상북도	영천시 금호읍	128.8917495	35.9162256
(주)그린텍코리아	133912	경기도 화성시 장안면 3.1만세로322번길 33	경기도	화성시 장안면	126.8432847	37.0991392
(주)금비	0	충청남도 아산시 실옥로 156	충청남도	아산시	126.9837923	36.7940463
(주)금비	0	경기도 이천시 부발읍 중부대로1707번길 13	경기도	이천시 부발읍	127.4920962	37.2942117
(주)나노브릭	0	경기도 평택시 산단로52번길 68	경기도	평택시	127.0728019	37.0327935
(주)나라케이아이씨광양공장	0	전라남도 광양시 태인4길 10	전라남도	광양시	127.7591748	34.940153
(주)남선알미늄구미공장	7	경상북도 구미시 수출대로9길 80	경상북도	구미시	128.3802637	36.1194584
(주)남선알미늄자동차사업부문	5574	경상북도 구미시 1공단로 251	경상북도	구미시	128.3918375	36.1037737
(주)남주실업	26	광주광역시 광산구 하남산단3번로 14-61	광주광역시	광산구	126.803525	35.18891
(주)남청	0	부산광역시 사하구 다대로1066번길 39	부산광역시	사하구	128.9556601	35.079011
(주)남청3공장	0	부산광역시 사하구 다대로1066번길 42	부산광역시	사하구	128.9559901	35.0779021
(주)네오넌트	0	경상남도 양산시 산막공단남10길 31 호계동	경상남도	양산시	129.0668423	35.3643466
(주)넥센	2	경상남도 김해시 김해대로 2595	경상남도	김해시	128.910825	35.2294846
(주)넥센	15	경기도 시흥시 협력로 200	경기도	시흥시	126.711941	37.345199
(주)노루비케미칼	8	충청남도 천안시 서북구 백석공단1로 111	충청남도	천안시 서북구	127.105144	36.832091
(주)노루오토코팅	1752	경기도 화성시 장안면 장안공단7길 28	경기도	화성시 장안면	126.8405533	37.1146947
(주)노루케미칼	168	경기도 안산시 단원구 첨단로285번길 7	경기도	안산시 단원구	126.7524257	37.3048799
(주)노루코일코팅	0	경상북도 포항시 남구 장흥로39번길 54	경상북도	포항시 남구	129.3740652	35.9761071
(주)노루페인트	185	경기도 안양시 만안구 박달로 351	경기도	안양시 만안구	126.8929968	37.4051801
(주)노루페인트칠서공장	14	경상남도 함안군 칠서면 공단동길 129	경상남도	함안군 칠서면	128.485851	35.3721889
(주)뉴그린	153	경기도 평택시 포승읍 포승공단순환로 602	경기도	평택시 포승읍	126.8326584	36.9870674
(주)뉴인텍	2550	충청남도 아산시 음봉면 음봉면로 243	충청남도	아산시 음봉면	127.0261086	36.8642689
(주)뉴프렉스	17	경기도 안산시 단원구 만해로 181	경기도	안산시 단원구	126.758985	37.3244926
(주)다다	0	경기도 안산시 단원구 산단로 97	경기도	안산시 단원구	126.7870125	37.3047333
(주)단석산업	14	경기도 시흥시 협력로 165	경기도	시흥시	126.707404	37.3440991
(주)대경벤드	2	경상남도 양산시 어곡공단로 137	경상남도	양산시	129.0175633	35.3836114
(주)대경하이텍	0	경기 시흥시 소망공원로 188 정왕동 1265-2 2라 203호 103동	경기도	시흥시	126.7194769	37.3354326
(주)대동켐텍	1387	경기도 안성시 서운면 제3공단1길 68-18	경기도	안성시 서운면	127.2692555	36.9742253
(주)대림화학	567	경상남도 함안군 칠서면 공단동1길 71	경상남도	함안군 칠서면	128.4801313	35.3720639
(주)대성금속	0	세종특별자치시 부강면 부강외천로 48-48	세종특별자치시	부강면	127.3716112	36.5242865
(주)대성메탈	493	경상북도 경주시 강동면 천북산단로 191-8	경상북도	경주시 강동면	129.269051	35.9458772
(주)대양	0	대구광역시 서구 문화로 77	대구광역시	서구	128.5411962	35.8756198
(주)대양물산	3	경기도 양주시 광적면 화합로147번길 33	경기도	양주시 광적면	126.9537405	37.8584576
(주)대양플라텍	0	충청남도 당진시 합덕읍 농공단지길 24	충청남도	당진시 합덕읍	126.7250056	36.8051673
(주)대영금속	61955	경상북도 경산시 진량읍 공단4로5길 13	경상북도	경산시 진량읍	128.820375	35.8646154
(주)대원	0	충청북도 청주시 흥덕구 직지대로435번길 15	충청북도	청주시 흥덕구	127.439438	36.645315
(주)대원산업	51	대구광역시 달서구 성서로64길 26	대구광역시	달서구	128.51005	35.8450487
(주)대원포리머	57	충청북도 충주시 주덕읍 중원산업로 178	충청북도	충주시 주덕읍	127.7510054	37.0114606
(주)대유글로벌 전주지점 1공장	64	전북 완주군 봉동읍 완주산단4로 133	전라북도	완주군 봉동읍	127.1314093	35.9419823
(주)대유신소재화성지점	231	경기도 화성시 팔탄면 노하길454번길 27	경기도	화성시 팔탄면	126.8763883	37.1615579
(주)대일산업	83	경기도 안산시 단원구 성곡로134번길 15	경기도	안산시 단원구	126.760137	37.3210111
(주)대주씨에스	6347	경상북도 청도군 풍각면 봉기1길 31-19	경상북도	청도군 풍각면	128.6011	35.6355737
(주)대중	0	경상북도 고령군 다산면 다산산단로 28-12	경상북도	고령군 다산면	128.395688	35.789867
(주)대진전지	11	경상북도 구미시 1공단로6길 134	경상북도	구미시	128.376625	36.0902904
(주)대창	44	경기도 시흥시 공단1대로 391	경기도	시흥시	126.742601	37.3283431
(주)대촌	28	충청북도 음성군 삼성면 금일로 1282	충청북도	음성군 삼성면	127.476838	37.043342
(주)대하	2619	충청남도 당진시 순성면 순성로 773	충청남도	당진시 순성면	126.7298875	36.8625071
(주)대한솔루션	30276	인천광역시 남동구 남동대로369번길 67	인천광역시	남동구	126.7024375	37.4173929
(주)대한주물	54	경상북도 고령군 다산면 다산산단로 60	경상북도	고령군 다산면	128.39205	35.789983
(주)대한지엠피	0	인천광역시 남동구 남동대로 284	인천광역시	남동구	126.7017471	37.4093507
(주)대한항공	498	부산광역시 강서구 대저2동	부산광역시	강서구	128.9564622	35.1785772
(주)대호산업	18	경기도 안산시 단원구 별망로 506	경기도	안산시 단원구	126.7808865	37.3013805
(주)대흥라디에터	0	경기도 양주시 광적면 현석로 720 43-7	경기도	양주시 광적면	126.9791017	37.8464323
(주)대흥알앤티	260	경상남도 김해시 진례면 서부로436번길 70-25	경상남도	김해시 진례면	128.7444045	35.2687779
(주)덕성하이텍	15531	경기도 안성시 서운면 제3공단1길 160	경기도	안성시 서운면	127.2648259	36.9717433
(주)도솔	0	경기도 시흥시 공단1대로132번길 32	경기도	시흥시	126.7155908	37.3400829
(주)동광FRP산업	5	경기도 김포시 월곶면 고양로 41	경기도	김포시 월곶면	126.5539449	37.6964112
(주)동광화학	31	부산광역시 사하구 신산북로 21	부산광역시	사하구	128.9664261	35.0916354
(주)동국에스엔씨	1164	경상북도 포항시 남구 대송로 62	경상북도	포항시 남구	129.3638891	35.9866761
(주)동서기공시화지점	16	경기도 시흥시 경기과기대로 252	경기도	시흥시	126.7361014	37.3364836
(주)동서전자	2772	경상북도 구미시 산동면 첨단기업로 102	경상북도	구미시 산동면	128.4487529	36.1421216
(주)동성코퍼레이션	3	전남 여수시 여수산단2로 223-40	전라남도	여수시	127.6503927	34.8156893
(주)동성화학	119	부산광역시 사하구 신산로 99	부산광역시	사하구	128.9657725	35.0908166
(주)동양테크윈	1496	부산광역시 강서구 녹산산단231로 46	부산광역시	강서구	128.8431	35.0927413
(주)동양플랜트부문예산컴플렉스지점	1	충청남도 예산군 고덕면 호음덕령길 60	충청남도	예산군 고덕면	126.727	36.7739083
(주)동양하드웨어	10	인천광역시 남동구 남동서로 277	인천광역시	남동구	126.6962781	37.4142258
(주)동양환경	287	대전광역시 대덕구 문평동로48번길 125	대전광역시	대덕구	127.4054987	36.4520382
(주)동영정밀	0	대전광역시 대덕구 대전로1331번길 40	대전광역시	대덕구	127.4184246	36.3739219
(주)동원	0	경기도 양주시 은현면 화합로 1067-16	경기도	양주시 은현면	127.0373535	37.853826
(주)동원김포	0	경기도 김포시 대곶면 대명항로414번길 89	경기도	김포시 대곶면	126.5765779	37.6521766
(주)동진상사	16090	대구광역시 서구 염색공단천로7길 10	대구광역시	서구	128.5495213	35.890025
(주)동진쎄미켐	421	경기도 시흥시 소망공원로 16	경기도	시흥시	126.7047667	37.344549
(주)동진쎄미켐	1	인천광역시 서구 백범로 644	인천광역시	서구	126.6842935	37.4789556
(주)동진주공	0	인천광역시 서구 경서동 363-157 17BL 16LT 인천광역시 서구 사렴로 32번길 A동	인천광역시	서구	126.6409048	37.552576
(주)동진판지	0	경기도 광주시 곤지암읍 신만로 275-25	경기도	광주시 곤지암읍	127.3932768	37.3491452
(주)동철	0	경기도 화성시 기안길 101	경기도	화성시	126.9840331	37.2304331
(주)동희	56	충청남도 아산시 선장면 서부남로 150-46	충청남도	아산시 선장면	126.8738387	36.7844446
(주)동희산업	565	울산광역시 남구 처용로 675	울산광역시	남구	129.3510298	35.4700827
(주)두산전자사업익산공장	90	전라북도 익산시 서동로 627	전라북도	익산시	127.0114256	35.9543687
(주)디디다이아	5	충청남도 보령시 성주면 성주산로 778	충청남도	보령시 성주면	126.6516374	36.30125
(주)디아이디	2	충청북도 진천군 광혜원면 죽현리 148-2 죽현길33	충청북도	진천군 광혜원면	127.4233554	36.9458805
(주)디에스아이씨	0	경기도 안산시 단원구 산단로19번길 229	경기도	안산시 단원구	126.7601	37.3043884
(주)디에이피	29	경기도 안성시 미양면 안성맞춤대로 474-22	경기도	안성시 미양면	127.2486263	36.9621996
(주)디에이피안산공장	21	경기도 안산시 단원구 만해로230번길 12	경기도	안산시 단원구	126.7617797	37.3218258
(주)디엔씨	89	경상남도 김해시 진영읍 김해대로 118-51	경상남도	김해시 진영읍	128.7102362	35.2971279
(주)디케이디앤아이	441	전라남도 여수시 여수산단로 802	전라남도	여수시	127.6974957	34.8447841
(주)디케이씨	0	전라북도 익산시 석암로7길 73-4	전라북도	익산시	127.0067266	35.9522366
(주)레스코	10	경상북도 포항시 남구 중앙로62번길 4-1	경상북도	포항시 남구	129.3702818	36.0186646
(주)메라톤	1763	인천광역시 남동구 남동대로79번길 54	인천광역시	남동구	126.6867171	37.3956606
(주)메인텍	17	경기도 안산시 단원구 신원로 79	경기도	안산시 단원구	126.7519091	37.3182374
(주)명화금속	9	충청남도 당진시 신평면 신평길 225-136	충청남도	당진시 신평면	126.7904936	36.8914219
(주)모코	0	경북 고령군 다산면 다산산단로 191	경상북도	고령군 다산면	128.3778177	35.7939773
(주)미래테크윈제2공장	0	인천광역시 남동구 남동동로78번길 52	인천광역시	남동구	126.6976542	37.391034
(주)미래하이텍	30	인천광역시 남동구 남동동로 129 남동공단 94b-7l	인천광역시	남동구	126.6980625	37.3968237
(주)바체	142	경기도 화성시 정남면 덕절제기길 28	경기도	화성시 정남면	127.0175898	37.132645
(주)바커케미칼코리아	0	충청북도 진천군 덕산면 덕금로 641	충청북도	진천군 덕산면	127.496947	36.9022896
(주)백광테크	9	대구광역시 북구 오봉로22길 29-5	대구광역시	북구	128.5815991	35.8966252
(주)백광테크	1	대구광역시 달서구 성서공단북로 341	대구광역시	달서구	128.5099552	35.843922
(주)범우	78	울산광역시 울주군 온산읍 온산로 219-3	울산광역시	울주군 온산읍	129.3336	35.4580744
(주)벽산영동공장	92	충청북도 영동군 용산면 남부로 1500-42	충청북도	영동군 용산면	127.826046	36.2947223
(주)벽산익산공장	2509	전라북도 익산시 서동로 675	전라북도	익산시	127.0134744	35.9565492
(주)보광부산공장	0	부산광역시 사상구 사상로 430	부산광역시	사상구	128.9864603	35.182777
(주)보락	2942	경기도 화성시 양감면 초록로 720-37	경기도	화성시 양감면	126.9817125	37.1132654
(주)보생	0	부산광역시 사상구 낙동대로881번길 27-29	부산광역시	사상구	128.9693135	35.137919
(주)볼빅	0	충청북도 음성군 대소면 대금로 628	충청북도	음성군 대소면	127.5070621	36.968319
(주)부국산업	0	전라남도 광양시 제철로 2148-97	전라남도	광양시	127.766546	34.9254604
(주)부흥산업사	17	경기도 안산시 단원구 산단로68번길 11	경기도	안산시 단원구	126.7882417	37.3022361
(주)비앤티	0	전라북도 익산시 석암로3길 17-26	전라북도	익산시	126.9995258	35.9520163
(주)비에이치	18	인천광역시 부평구 평천로199번길 25	인천광역시	부평구	126.712018	37.518243
(주)비에이치제2공장	69	인천광역시 서구 가재울로 48	인천광역시	서구	126.6785096	37.4797408
(주)비엠아이	6460	충청남도 아산시 선장면 삽교천로 50	충청남도	아산시 선장면	126.8619499	36.8068049
(주)삼락열처리	2000	부산광역시 강서구 녹산산단17로 8	부산광역시	강서구	128.8239481	35.0975359
(주)삼락열처리김해지점	8400	경상남도 김해시 분성로557번길 22	경상남도	김해시	128.9069875	35.2378096
(주)삼양바이오팜MD공장	3602	대전광역시 대덕구 문평서로18번길 55	대전광역시	대덕구	127.4008919	36.4452811
(주)삼양바이오팜의약공장	4450	대전광역시 대덕구 신일동로 79	대전광역시	대덕구	127.4116717	36.4402526
(주)삼양사 울산1공장	4678	울산광역시 남구 장생포로 285	울산광역시	남구	129.3756546	35.514769
(주)삼양사 울산2공장	0	울산광역시 남구 매암동 360-25	울산광역시	남구	129.372871	35.5176942
(주)삼영피앤텍	0	경기도 안산시 단원구 목내로 129	경기도	안산시 단원구	126.7752858	37.3109045
(주)삼우당진공장	70	충청남도 당진시 송산면 무수들길 394	충청남도	당진시 송산면	126.6715914	36.976441
(주)삼원	1137	경상북도 경산시 압량면 대학로 498-10	경상북도	경산시 압량면	128.769726	35.8508464
(주)삼원강재	3486	경상북도 포항시 남구 대송면 철강산단로66번길 40	경상북도	포항시 남구 대송면	129.3724222	35.9571927
(주)삼원열처리	21	인천광역시 남동구 남동동로138번길 91	인천광역시	남동구	126.703378	37.3953943
(주)삼정	0	경기도 동두천시 강변로702번길 63	경기도	동두천시	127.0534672	37.9302001
(주)삼중	0	인천광역시 남동구 능허대로625번길 88	인천광역시	남동구	126.685	37.3948154
(주)삼진철구	2958	경기도 화성시 서신면 제부로722번길 43-11 삼진철구	경기도	화성시 서신면	126.6958797	37.1691636
(주)상신금속	208	경기도 안산시 단원구 번영1로 96	경기도	안산시 단원구	126.7398213	37.3160671
(주)상신정공	1600	경상북도 칠곡군 왜관읍 공단로1길 71-9	경상북도	칠곡군 왜관읍	128.4317457	35.9718005
(주)상아뉴매틱	4500	대구광역시 달성군 다사읍 세천로3길 36	대구광역시	달성군 다사읍	128.4671742	35.8743378
(주)상원화성	0	충청남도 천안시 서북구 성거읍 봉주로 268	충청남도	천안시 서북구 성거읍	127.1767967	36.8783695
(주)서머텍코리아	1	경상남도 창원시 성산구 창원대로 1204	경상남도	창원시 성산구	128.713047	35.1918312
(주)서울경금속	199	인천광역시 남동구 호구포로 97	인천광역시	남동구	126.7020421	37.3934355
(주)서울금속	7	인천광역시 서구 드림로 483-2	인천광역시	서구	126.6925908	37.5884672
(주)서원	164	경기도 안산시 단원구 산단로67번길 94	경기도	안산시 단원구	126.7759318	37.3053068
(주)서진캠	0	경기도 평택시 청북면 청북산단로 31	경기도	평택시 청북읍	126.9731209	37.0519563
(주)서천산업	12	충청남도 서천군 종천면 종천공단길32번길 21	충청남도	서천군 종천면	126.6975879	36.1140571
(주)서한안타민	305	인천광역시 남동구 앵고개로622번길 51	인천광역시	남동구	126.7057597	37.3877647
(주)선경테크	0	인천 남동구 남동서로362번길 51 남촌동 남동공단 6블럭 13롯트	인천광역시	남동구	126.7051731	37.4187266
(주)선경화성	0	울산광역시 울주군 온산읍 화산1길 18	울산광역시	울주군 온산읍	129.3300455	35.4236385
(주)선일다이파스	56	충청북도 진천군 광혜원면 광혜원산단2길 14	충청북도	진천군 광혜원면	127.437456	36.9795329
(주)선진화학	4128	경기도 안산시 단원구 해안로 256	경기도	안산시 단원구	126.7848603	37.2955151
(주)성남화학	11	경기도 포천시 가산면 포천로736번길 45	경기도	포천시 가산면	127.2050203	37.8382779
(주)성도	5	경상북도 김천시 감천면 금감로 1252	경상북도	김천시 감천면	128.130825	36.040767
(주)성산레텍	0	경기도 양주시 광적면 부흥로956번길 143	경기도	양주시 광적면	126.9878354	37.8065555
(주)성우	7040	경북 구미시 3공단1로 132	경상북도	구미시	128.4036875	36.0938154
(주)성일	110	경상남도 김해시 한림면 퇴래리 1031번길 20	경상남도	김해시 한림면	128.8040153	35.2982165
(주)성일플레이팅	45	대구 달서구 성서로64길 25	대구광역시	달서구	128.5100872	35.8456439
(주)성진글로벌	43850	광주 광산구 평동로913번길 43	광주광역시	광산구	126.7731625	35.1294571
(주)세계산업	0	경남 김해시 김해대로2635번길 66-1	경상남도	김해시	128.9161179	35.2353781
(주)세기리텍	88	경상북도 영천시 금호읍 오계공단길 1-67	경상북도	영천시 금호읍	128.8929092	35.9157573
(주)세기정밀	0	부산광역시 강서구 녹산산단261로59번길 6	부산광역시	강서구	128.8455748	35.0946329
(주)세림TTC양산지점	932	경상남도 양산시 산막공단남2길 11	경상남도	양산시	129.0486329	35.3665854
(주)세명기업	0	경상북도 경산시 진량읍 신상리 1210 경산시 진량읍 공단4로 20	경상북도	경산시 진량읍	128.8213008	35.8625906
(주)세송	3758	경상남도 고성군 고성읍 율대6길 63	경상남도	고성군 고성읍	128.3570905	34.9648762
(주)세아베스틸	89	전라북도 군산시 외항로 522	전라북도	군산시	126.6100625	35.9669679
(주)세아베스틸 창녕공장	0	경상남도 창녕군 대합면 대합산업단지로 100	경상남도	창녕군 대합면	128.4396787	35.6181968
(주)세아에삽	16	경상남도 창원시 성산구 정동로62번길 56	경상남도	창원시 성산구	128.68935	35.194918
(주)세아에프에스	6	경기도 평택시 진위면 신리길 19	경기도	평택시 진위면	127.0673723	37.0978641
(주)세아에프에스	1	광주광역시 광산구 안청동 738-3번지	광주광역시	광산구	126.8089209	35.2123566
(주)세아제강	1111	전라북도 군산시 자유로 241	전라북도	군산시	126.5746537	35.9589081
(주)세정	4	충청남도 아산시 둔포면 아산호로840번길 65-20	충청남도	아산시 둔포면	127.000838	36.90934
(주)세진메탈	95	울산광역시 울주군 온산읍 원봉로 15	울산광역시	울주군 온산읍	129.3395948	35.4183727
(주)세진중공업	5580	울산광역시 울주군 온산읍 당월로 216-18	울산광역시	울주군 온산읍	129.3539933	35.4229558
(주)소모옵티칼	5730	강원도 횡성군 공근면 영서로 800	강원도	횡성군 공근면	127.9359375	37.5768083
(주)수문상사	288	경기도 동두천시 강변로730번길 25-29	경기도	동두천시	127.0502857	37.9334858
(주)수양	0	대구광역시 서구 염색공단천로16길 5	대구광역시	서구	128.5436547	35.8894322
(주)스타플렉스	1144	충청북도 음성군 삼성면 대성로 417	충청북도	음성군 삼성면	127.4953498	37.0022058
(주)승진기계	9	경기도 안산시 단원구 성곡로22번길 33	경기도	안산시 단원구	126.7578	37.3108541
(주)시디즈	308	경기도 평택시 세교산단로 67-20	경기도	평택시	127.0800281	37.0136059
(주)신라금속	2	부산광역시 강서구 녹산산단17로14번길 34	부산광역시	강서구	128.826425	35.0957737
(주)신명금속	0	경상북도 영천시 대창면 금박로 908	경상북도	영천시 대창면	128.8813123	35.8733503
(주)신승	0	경기도 안산시 단원구 신원로 311	경기도	안산시 단원구	126.7704145	37.3095173
(주)신아양행	140	충청남도 공주시 우성면 보적동길 8-26	충청남도	공주시 우성면	127.031663	36.452551
(주)신양피혁	0	경기도 안산시 단원구 장자골로 11	경기도	안산시 단원구	126.7628621	37.3087712
(주)신용금속	0	경기도 안산시 단원구 동산로27번길 96	경기도	안산시 단원구	126.7904107	37.3201445
(주)신용금속	0	경기 안산시 단원구 해봉로 187	경기도	안산시 단원구	126.7629417	37.3195732
(주)신우지엠티	170	경상북도 경주시 외동읍 모화산단길 114	경상북도	경주시 외동읍	129.3220158	35.6828025
(주)신우탑텍	0	대구광역시 달성군 구지면 달성2차1로 37	대구광역시	달성군 구지면	128.421629	35.6318757
(주)신창메디칼	60	경상북도 구미시 1공단로6길 144	경상북도	구미시	128.3761313	36.0896904
(주)신호인더스트리	352	충청남도 예산군 고덕면 지곡오추길 31	충청남도	예산군 고덕면	126.7229801	36.7538505
(주)신흥정기	88	부산광역시 사하구 다산로 233	부산광역시	사하구	128.954781	35.0737475
(주)실크로드시앤티	109	충청남도 아산시 둔포면 운용리 182-3	충청남도	아산시 둔포면	127.0678617	36.9301614
(주)심텍	246	충청북도 청주시 흥덕구 산단로 73	충청북도	청주시 흥덕구	127.4469145	36.6411157
(주)심팩메탈로이	205	경상북도 포항시 남구 괴동로 153	경상북도	포항시 남구	129.3742689	35.9932202
(주)심팩인더스트리남동공장	5	인천광역시 남동구 청능대로 418	인천광역시	남동구	126.7059901	37.3983941
(주)썬텍인더스트리	9	경기도 평택시 포승읍 평택항만길 399-8	경기도	평택시 포승읍	126.832825	36.980185
(주)씬터온	63	경기도 화성시 봉담읍 주석로 1155	경기도	화성시 봉담읍	126.9397313	37.2004241
(주)아그로텍	2	전북 완주군 봉동읍 완주산단2로 51-19	전라북도	완주군 봉동읍	127.1336883	35.9397369
(주)아스트	1162	경상남도 사천시 사남면 공단1로 23-65	경상남도	사천시 사남면	128.0726434	35.06499
(주)아시아	23	전북 완주군 봉동읍 테크노밸리로 472	전라북도	완주군 봉동읍	127.1131634	35.9668368
(주)아이노스	76	충청북도 음성군 대소면 초금로 373	충청북도	음성군 대소면	127.5374736	36.953078
(주)아이비티	4	광주광역시 북구 첨단벤처소로38번길 2	광주광역시	북구	126.8618773	35.2343213
(주)아이엠아이	0	경기도 평택시 포승읍 평택항로156번길 108	경기도	평택시 포승읍	126.8557372	36.9770016
(주)아이티켐	337	충청북도 청주시 청원구 오창읍 양청송대길 231	충청북도	청주시 청원구 오창읍	127.4514018	36.7298643
(주)아이피케이	1286	경상남도 함안군 칠서면 공단동길 17	경상남도	함안군 칠서면	128.4824762	35.3683279
(주)아즈텍	0	경기도 화성시 정남면 안념길150번길 72	경기도	화성시 정남면	127.0266166	37.1540058
(주)아트라스비엑스	259	대전광역시 대덕구 대전로1331번길 185	대전광역시	대덕구	127.4118933	36.3701658
(주)아트라스비엑스전주공장	428	전라북도 완주군 봉동읍 완주산단2로 40	전라북도	완주군 봉동읍	127.1300887	35.9377788
(주)알루코 제2공장	0	대전광역시 대덕구 대화로 100	대전광역시	대덕구	127.4087132	36.3668641
(주)알루텍	0	충청북도 옥천군 군서면 성왕로 564	충청북도	옥천군 군서면	127.5284257	36.2805897
(주)알씨텍	0	경북 칠곡군 약목면 경호천동길 74	경상북도	칠곡군 약목면	128.352445	36.0449336
(주)알에이	11	대구광역시 달서구 신당동 321-26	대구광역시	달서구	128.4949378	35.8484616
(주)알킨스	0	경기도 평택시 청북면 청북중앙로 578-19	경기도	평택시 청북읍	126.8941651	37.0595204
(주)알테크노메탈	131	충청남도 당진시 송악읍 부곡공단4길 28-304	충청남도	당진시 송악읍	126.7854637	36.9509366
(주)알파코리아	197	경기도 시흥시 옥구천서로131번길 40	경기도	시흥시	126.7069916	37.3406827
(주)야성	0	대구광역시 동구 안심로65길 5	대구광역시	동구	128.720162	35.867407
(주)에너지네트웍	750	부산광역시 사하구 강변대로 20	부산광역시	사하구	128.9544425	35.087368
(주)에넥스	3332	충청북도 영동군 황간면 에넥스로 37	충청북도	영동군 황간면	127.9003915	36.232112
(주)에스비디메디칼	3	경상북도 구미시 산호대로 119	경상북도	구미시	128.384625	36.0938571
(주)에스아이플렉스	58	경기도 안산시 단원구 해봉로 232	경기도	안산시 단원구	126.76805	37.3220917
(주)에스앤더블류	0	부산광역시 사하구 다대로170번길 29	부산광역시	사하구	128.9743255	35.0867943
(주)에스앤지	53	경상북도 포항시 남구 동해안로 6262	경상북도	포항시 남구	129.3826367	35.9986201
(주)에스에이치에너지화학	1438	전라북도 군산시 외항7길 20	전라북도	군산시	126.6248305	35.9676725
(주)에스와이메탈	41	경상남도 김해시 진례면 고모로526번길 42-70	경상남도	김해시 진례면	128.7803884	35.2655563
(주)에스와이켐	0	충청남도 천안시 동남구 성남면 대흥신덕길 84-13	충청남도	천안시 동남구 성남면	127.2490567	36.7285253
(주)에스케이씨	51	경기도 안산시 단원구 신원로 79	경기도	안산시 단원구	126.7519091	37.3182374
(주)에스텍파마	363	경기도 화성시 향남읍 발안공단로 25	경기도	화성시 향남읍	126.9152125	37.0884321
(주)에이에프티	3	인천광역시 남동구 남동서로 295	인천광역시	남동구	126.6976295	37.4154972
(주)에이엘에스	107	경기도 안산시 단원구 번영로 73	경기도	안산시 단원구	126.733571	37.3172456
(주)에이치에이코리아	12	경기 시흥시 경제로 45	경기도	시흥시	126.703876	37.339588
(주)에이티씨	74	경기도 시흥시 공단1대로79번길 32	경기도	시흥시	126.7166757	37.3474011
(주)에이티앤에스코리아	50	경기도 안산시 단원구 신원로 289	경기도	안산시 단원구	126.7681801	37.3094359
(주)에코프로	233	충청북도 청원군 오창읍 양청송대길 116	충청북도	청주시 청원구 오창읍	127.4454715	36.7200248
(주)엑사보드	171	경기도 안산시 단원구 별망로270번길 17	경기도	안산시 단원구	126.7558886	37.308112
(주)엔아이비	0	전라북도 전주시 덕진구 팔복로 251-21	전라북도	전주시 덕진구	127.0823017	35.856534
(주)엔아이티	160	전라북도 군산시 서해로 259	전라북도	군산시	126.5783513	35.9709148
(주)엔지켐생명과학	36	충북 제천시 바이오밸리로 59	충청북도	제천시	128.1661519	37.1458037
(주)엘라스켐	0	충청남도 천안시 동남구 성남면 대흥1길 205-15	충청남도	천안시 동남구 성남면	127.2258847	36.7267718
(주)엘앤에프	0	대구광역시 달서구 성서4차첨단로 136	대구광역시	달서구	128.5155924	35.8262249
(주)엘앤에프 왜관공장	0	경상북도 칠곡군 왜관읍 2산업단지1길 135	경상북도	칠곡군 왜관읍	128.4136957	35.9431833
(주)엘지실트론	1	경상북도 구미시 3공단3로 132-11	경상북도	구미시	128.4153198	36.0939259
(주)엘지화학(여수공장SM)	4116	전라남도 여수시 여수산단로 951	전라남도	여수시	127.7053622	34.8585082
(주)엘지화학(여수공장VCM)	1967	전라남도 여수시 여수산단로 1121	전라남도	여수시	127.722011	34.8540499
(주)엘지화학여수공장화치	45057	전라남도 여수시 여수산단2로 55	전라남도	여수시	127.6527018	34.8035201
(주)엠이시	0	전라남도 광양시 옥곡면 신금산단5길 30	전라남도	광양시 옥곡면	127.7141818	34.9770303
(주)엠케이피디	0	충청북도 청주시 흥덕구 옥산면 과학산업3로 28	충청북도	청주시 흥덕구 옥산면	127.417205	36.6944133
(주)연호전자	0	광주광역시 북구 첨단벤처로 140	광주광역시	북구	126.8584461	35.2347495
(주)영일프레시젼	62	서울특별시 금천구 벚꽃로 132	서울특별시	금천구	126.8896527	37.467039
(주)영폴리머	0	부산광역시 기장군 정관면 농공길 13-72	부산광역시	기장군 정관읍	129.193786	35.3252203
(주)영풍굴티공장	4	경상북도 봉화군 석포면 승부길 16	경상북도	봉화군 석포면	129.0612856	37.0440544
(주)영풍석포제련소	378	경상북도 봉화군 석포면 승부길 16	경상북도	봉화군 석포면	129.0612856	37.0440544
(주)오공	1099	인천광역시 남동구 함박뫼로 341	인천광역시	남동구	126.7020885	37.4140125
(주)오알켐	18	경기도 시흥시 옥구천서로93번길 39	경기도	시흥시	126.7040795	37.3373829
(주)오엔알	38	경기 평택시 오성면 오성산단1로 112-104	경기도	평택시 오성면	126.9543508	37.0290511
(주)오영	7	경기도 시흥시 소망공원로 102	경기도	시흥시	126.7118787	37.3397412
(주)오토닉스	0	충청북도 진천군 덕산면 한삼로 69-23	충청북도	진천군 덕산면	127.5004779	36.9173029
(주)오토크로바	4	대구 달성군 논공읍 논공로 334	대구광역시	달성군 논공읍	128.4618806	35.7293371
(주)와이엔텍	344	전라남도 여수시 여수산단로 1232	전라남도	여수시	127.73306	34.8514086
(주)와이제이테크	6547	경상북도 포항시 남구 대송면 송덕로212번길 198	경상북도	포항시 남구 대송면	129.3746274	35.9523859
(주)와이피씨	368	경기도 김포시 양촌읍 황금1로 32	경기도	김포시 양촌읍	126.6212624	37.6101866
(주)우리선테크	51	인천광역시 서구 중봉대로396번길 10	인천광역시	서구	126.6500304	37.5144692
(주)우리알미늄	17	인천광역시 서구 봉수대로501번길 12	인천광역시	서구	126.6610536	37.5207691
(주)우리캐스트	0	경상북도 고령군 다산면 다산산단3길 85	경상북도	고령군 다산면	128.3778812	35.7894672
(주)우성티오티	0	대구 북구 노원동로7길 9	대구광역시	북구	128.5748824	35.8948098
(주)우주일렉트로닉스	0	경기도 안산시 단원구 별망로 342	경기도	안산시 단원구	126.7632871	37.3066548
(주)우진고분자	430	경기도 시흥시 정왕동 1252-10	경기도	시흥시	126.7130346	37.3437563
(주)우진고분자	2056	전라북도 군산시 무역로 90	전라북도	군산시	126.5567278	35.9539041
(주)우진물산	170	경기도 안성시 공도읍 대신두길 43	경기도	안성시 공도읍	127.1965367	36.995292
(주)워터웍스유진	6	경기도 화성시 정남면 가장로 295-17	경기도	화성시 정남면	127.0135031	37.1642976
(주)원진산업롤	0	경기도 파주시 장명산길 58	경기도	파주시	126.7349308	37.7498143
(주)원풍청주공장	161	충청북도 청주시 흥덕구 직지대로474번길 5	충청북도	청주시 흥덕구	127.4473382	36.6431115
(주)월테크	0	경기도 안산시 단원구 산단로68번길 70 초지동 반월공단 10브럭 79호	경기도	안산시 단원구	126.7938429	37.3020758
(주)웹스	0	경상남도 양산시 상북면 수서로 404	경상남도	양산시 상북면	129.0340101	35.4439303
(주)위너택	22	부산 사하구 다산로225번길 8	부산광역시	사하구	128.9542199	35.0728823
(주)위스컴	739	경기도 안산시 단원구 강촌로 237	경기도	안산시 단원구	126.7743753	37.317066
(주)위스컴여수공장	0	전라남도 여수시 여수산단로 830	전라남도	여수시	127.6990875	34.8472987
(주)윈체	48	충청북도 충주시 산척면 세고개로 242	충청북도	충주시 산척면	127.9558366	37.0910056
(주)유광드럼	9380	전라북도 익산시 석암로1길 149	전라북도	익산시	127.0071146	35.9615535
(주)유니드	14	인천광역시 남구 아암대로287번길 115	인천광역시	남구	126.6408418	37.438821
(주)유니드	1753	전라북도 군산시 외항1길 56	전라북도	군산시	126.6687057	35.980704
(주)유니온포항공장	0	경상북도 포항시 남구 대송면 송덕로 143	경상북도	포항시 남구 대송면	129.3842394	35.9562752
(주)유니코정밀화학	115	경상북도 포항시 남구 섬안로46번길 25	경상북도	포항시 남구	129.3698254	35.9995947
(주)유니크	29	경상남도 창원시 의창구 팔용로371번길 23	경상남도	창원시 의창구	128.6067454	35.2517836
(주)유승화학	554	경기도 시흥시 경제로 73	경기도	시흥시	126.7062012	37.338522
(주)유영	1357	경기도 화성시 팔탄면 해창리 151-7	경기도	화성시 팔탄면	126.8745239	37.1084972
(주)유원	329	경기도 평택시 포승읍 포승공단순환로 554	경기도	평택시 포승읍	126.8376131	36.9891423
(주)유진건철원주공장	0	강원도 원주시 부론면 견훤로 527	강원도	원주시 부론면	127.7730625	37.251675
(주)유진다크로	4750	부산광역시 강서구 녹산산단261로74번길 19	부산광역시	강서구	128.847912	35.0960161
(주)유창RUBBER	0	경상남도 김해시 유하로133번길 49	경상남도	김해시	128.8104048	35.2162609
(주)유텍솔루션	14992	경기도 시흥시 소망공원로 205	경기도	시흥시	126.7215404	37.3347502
(주)유한화학	5298	경기도 안산시 단원구 지원로 45	경기도	안산시 단원구	126.7471304	37.309836
(주)이맥스아이엔시	155	전남 장성군 황룡면 강변로 452-12	전라남도	장성군 황룡면	126.7677181	35.283237
(주)이맥스아이엔시 순천공장	8	전라남도 순천시 해룡면 율촌산단4로 26-140	전라남도	순천시 해룡면	127.5826538	34.8955056
(주)이수페타시스	272	대구광역시 달성군 논공읍 논공로53길 36	대구광역시	달성군 논공읍	128.4539313	35.7391754
(주)이에스디웍	8	경기도 화성시 무하로 115-9	경기도	화성시 남양읍	126.8560007	37.1840354
(주)이에스에프씨티	202	충청남도 금산군 금성면 금성공단로 38 31	충청남도	금산군 금성면	127.476563	36.157457
(주)이엔드디	55	충청북도 청주시 흥덕구 직지대로409번길 37	충청북도	청주시 흥덕구	127.437663	36.646449
(주)이엔에프테크놀로지	178	울산광역시 남구 상개로 66	울산광역시	남구	129.3227068	35.4916127
(주)이엔케이	0	부산광역시 강서구 과학산단로 502	부산광역시	강서구	128.8127232	35.1501847
(주)이한산업	1530	충청남도 천안시 동남구 성남면 성남로 417	충청남도	천안시 동남구 성남면	127.2306699	36.7439908
(주)인터플렉스	45	경기도 안산시 단원구 강촌로 149	경기도	안산시 단원구	126.7667028	37.3167776
(주)일광엠씨티	40190	경상남도 양산시 소주공단6길 40-32	경상남도	양산시	129.1472378	35.4160526
(주)일삼시화공장	7	경기도 시흥시 공단1대로80번길 87	경기도	시흥시	126.7076666	37.3387329
(주)일삼언양공장	0	울산광역시 울주군 삼남면 공암공단1길 75	울산광역시	울주군 삼남면	129.1015764	35.5308866
(주)일성	0	울산광역시 울주군 온산읍 대정로 74	울산광역시	울주군 온산읍	129.3370134	35.4227551
(주)임덕화학	164	경기도 평택시 산단로16번길 48	경기도	평택시	127.0736188	37.0334607
(주)정석케미칼	252	전라북도 완주군 봉동읍 완주산단5로 192	전라북도	완주군 봉동읍	127.1381253	35.9432782
(주)정일스톨트헤븐울산	31840	울산광역시 울주군 온산읍 산암로 297	울산광역시	울주군 온산읍	129.3617785	35.4389644
(주)제낙스	1000	경상남도 김해시 생림면 생림대로928번길 10-58	경상남도	김해시 생림면	128.8494425	35.3382475
(주)제이미크론	0	경기도 안산시 단원구 해봉로273번길 12	경기도	안산시 단원구	126.7703163	37.3257674
(주)제이엠씨	543	울산광역시 울주군 온산읍 이진로 71	울산광역시	울주군 온산읍	129.3375164	35.430209
(주)제이제이테크	0	경기도 안산시 단원구 별망로 133	경기도	안산시 단원구	126.7416265	37.3137118
(주)제일화성	8	울산광역시 울주군 웅촌면 고연공단2길 38	울산광역시	울주군 웅촌면	129.1690139	35.4422167
(주)제일화성	635	울산광역시 울주군 온산읍 회학3길 38-16	울산광역시	울주군 온산읍	129.3306471	35.4555927
(주)제흥금속	26	부산광역시 사상구 가야대로48번길 50	부산광역시	사상구	128.9769928	35.1490726
(주)조양	0	경기도 이천시 호법면 중부대로 859	경기도	이천시 호법면	127.4273295	37.2444937
(주)조이포라이프	0	경기 화성시 장안면 장안로 480-192	경기도	화성시 장안면	126.8671141	37.0721222
(주)존슨콘트롤즈델코배터리	673	경상북도 구미시 옥계2공단로 13	경상북도	구미시	128.415725	36.1120904
(주)종근당바이오	7485	경기도 안산시 단원구 신원로 292	경기도	안산시 단원구	126.7685615	37.3084797
(주)종합정밀	230	경상남도 양산시 산막공단남1길 43	경상남도	양산시	129.0486189	35.366884
(주)종합폴스타	600	부산 강서구 미음산단로 313	부산광역시	강서구	128.8607861	35.1515204
(주)중일	128	경기도 안산시 단원구 신원로 73	경기도	안산시 단원구	126.7519482	37.3191416
(주)지씨아이	1	충청북도 충주시 국원대로 448	충청북도	충주시	127.9329746	37.0112411
(주)지엔에스쏠리텍	0	충청남도 아산시 인주면 인주산단로 67	충청남도	아산시 인주면	126.8801289	36.8761343
(주)진광화학	404	경상북도 경산시 진량읍 일연로 502-4	경상북도	경산시 진량읍	128.8056015	35.8525402
(주)진양	472	경상남도 창원시 성산구 웅남로795번길 8	경상남도	창원시 성산구	128.6951945	35.1941818
(주)진양오일씰	8	대구광역시 달성군 다사읍 세천로7길 17-24	대구광역시	달성군 다사읍	128.4680451	35.874568
(주)진일써핀	0	경기도 안산시 단원구 동산로27번길 112	경기도	안산시 단원구	126.7893016	37.3223933
(주)진흥주물	1	인천광역시 서구 원전로 27	인천광역시	서구	126.643867	37.5496315
(주)진흥주물	0	전라북도 군산시 가도로 56	전라북도	군산시	126.5694812	35.9510323
(주)창성	22	인천광역시 남동구 승기천로 320	인천광역시	남동구	126.6968804	37.4166162
(주)창성평택지점	84	경기도 평택시 청북면 서해로 1840-29	경기도	평택시 청북읍	126.9326679	37.0521036
(주)창원에너텍	2	경상남도 창원시 의창구 남면로113번길 27	경상남도	창원시 의창구	128.640013	35.22251
(주)청우제강	0	부산광역시 강서구 녹산화전로 24	부산광역시	강서구	128.8668797	35.0910359
(주)카보라인코리아제1공장	30	경상남도 김해시 진영읍 본산로 81	경상남도	김해시 진영읍	128.7413267	35.311556
(주)캐스탑	10	경상남도 창원시 의창구 평산로 42	경상남도	창원시 의창구	128.61605	35.247368
(주)캐스텍코리아	3	부산광역시 사상구 학장로63번길 24	부산광역시	사상구	128.9762364	35.1388064
(주)케이비텍	58	인천광역시 서구 건지로153번길 54	인천광역시	서구	126.6574125	37.5037167
(주)케이씨씨	112	충청남도 아산시 염치읍 아산로 658-33 KCC 아산공장	충청남도	아산시 염치읍	126.9687066	36.8348157
(주)케이씨씨	36	전라남도 여수시 상암로 830-7	전라남도	여수시	127.7462512	34.8397767
(주)케이씨씨 안성공장	34	경기 안성시 서운면 제4산단로 100	경기도	안성시 서운면	127.2526419	36.9550322
(주)케이씨씨대죽1공장	322	충청남도 서산시 대산읍 대죽2로 15	충청남도	서산시 대산읍	126.4142705	37.0106594
(주)케이씨씨문막공장	1199	강원 원주시 문막읍 문막공단길 106	강원도	원주시 문막읍	127.8024213	37.2917238
(주)케이씨씨울산공장	1658	울산광역시 동구 방어진순환도로 30	울산광역시	동구	129.397128	35.518154
(주)케이씨씨전주1공장	0	전라북도 완주군 봉동읍 완주산단4로 19	전라북도	완주군 봉동읍	127.1203646	35.9422447
(주)케이씨씨전주2공장	783	전라북도 완주군 봉동읍 과학로 764	전라북도	완주군 봉동읍	127.127164	35.9370122
(주)케이씨아이	3	충청남도 서산시 대산읍 대죽1로 221	충청남도	서산시 대산읍	126.412291	37.006433
(주)케이알티	73	경상북도 포항시 남구 동촌동 5번지내 64필지상	경상북도	포항시 남구	129.3894769	35.9988228
(주)케이에스폴리텍	2157	경기도 양주시 남면 삼일로 839-42	경기도	양주시 남면	126.9923209	37.8871011
(주)케이엠레텍	102	경기도 연천군 군남면 청정로2310번길 121-62	경기도	연천군 군남면	127.0410987	38.0214315
(주)케이엠텍	1427	충청남도 예산군 봉산면 한천로 311-11	충청남도	예산군 봉산면	126.6860601	36.7729377
(주)케이오씨솔루션	1	세종특별자치시 부강면 금호선말길 64	세종특별자치시	부강면	127.3596243	36.4999144
(주)케이지에프	1502	경상남도 창원시 의창구 동읍 의창대로 950	경상남도	창원시 의창구 동읍	128.6949588	35.2794255
(주)케이피엠테크	2	경기도 안산시 단원구 산단로163번길 122	경기도	안산시 단원구	126.787235	37.3198733
(주)케이피티	0	경기도 수원시 영통구 신원로 121	경기도	수원시 영통구	127.0545117	37.2487756
(주)켐트로스 안산공장	25	경기도 안산시 단원구 별망로 256	경기도	안산시 단원구	126.7536005	37.3091626
(주)코리아써키트	38	경기도 안산시 성곡동 599 경기도 안산시 단원구 강촌로 139번길 9	경기도	안산시 단원구	126.7642017	37.3180504
(주)코리아써키트2공장	2	경기도 안산시 단원구 강촌로 25	경기도	안산시 단원구	126.7523736	37.3205233
(주)코메트	1646	경기도 화성시 마도면 마도공단로6길 46-3	경기도	화성시 마도면	126.7896873	37.1777404
(주)코스모텍	58	충청북도 증평군 증평읍 내룡길 36	충청북도	증평군 증평읍	127.6104451	36.7763432
(주)코스모텍	1	세종특별자치시 전의면 산단길 21-136	세종특별자치시	전의면	127.2235356	36.7053108
(주)코스와이어포항공장	0	경상북도 포항시 남구 대송면 송덕로126번길 38	경상북도	포항시 남구 대송면	129.3784384	35.9529595
(주)코엔텍	5647	울산광역시 남구 용잠로 328	울산광역시	남구	129.369165	35.4909969
(주)코텍	17	경상남도 창원시 의창구 차룡로14번길 18	경상남도	창원시 의창구	128.627113	35.240285
(주)큐플러스	138	인천광역시 서구 가재울로 9	인천광역시	서구	126.6767965	37.4825387
(주)크라운	42	충청남도 천안시 서북구 2공단2로 69	충청남도	천안시 서북구	127.12005	36.8562737
(주)클린코리아안강공장	3	경상북도 경주시 안강읍 두류길 162	경상북도	경주시 안강읍	129.1646375	35.9744763
(주)킹텍스	0	충청북도 청주시 흥덕구 산단로 113	충청북도	청주시 흥덕구	127.4464	36.645357
(주)타이거일렉	99	인천광역시 남구 염전로187번길 33	인천광역시	남구	126.6632151	37.4786045
(주)태영인더스트리	97502	울산 남구 용잠로 435	울산광역시	남구	129.377775	35.4976596
(주)태평양금속	0	경상북도 구미시 산호대로 92	경상북도	구미시	128.3863778	36.0924723
(주)테크팩솔루션군산공장	0	전라북도 군산시 외항1길 264	전라북도	군산시	126.6455373	35.9781241
(주)테크팩솔루션이천공장	14514	경기도 이천시 대월면 경충대로 1885-16	경기도	이천시 대월면	127.5039298	37.2389441
(주)토리컴	0	충청남도 아산시 둔포면 아산밸리동로 78	충청남도	아산시 둔포면	127.0690403	36.9309412
(주)트리스	168440	경기도 동두천시 승전로 21	경기도	동두천시	127.0663003	37.9684603
(주)티에스씨	9	경기도 시흥시 경제로 37	경기도	시흥시	126.7032045	37.3399577
(주)티에스씨	12	충청북도 음성군 생극면 생삼로 143-22	충청북도	음성군 생극면	127.5828931	37.020358
(주)티에스피	183130	경상북도 구미시 옥계2공단로 45	경상북도	구미시	128.4164	36.1147487
(주)티엘비	1	경기도 안산시 단원구 강촌로 230	경기도	안산시 단원구	126.7745042	37.316077
(주)티피씨	5309	경북 경산시 진량읍 일연로 574	경상북도	경산시 진량읍	128.806225	35.85964
(주)파운텍	33	충북 충주시 충주산단2로 34	충청북도	충주시	127.9368945	37.0114707
(주)파워로직스	5	충청북도 청주시 흥덕구 옥산면 과학산업4로 163	충청북도	청주시 흥덕구 옥산면	127.406582	36.7067527
(주)파인일렉컴	0	인천광역시 남동구 남동서로 90	인천광역시	남동구	126.6862079	37.3989061
(주)파캔오피씨	105	충청북도 청원군 옥산면 과학산업4로 141	충청북도	청주시 흥덕구 옥산면	127.4088929	36.7048411
(주)포나후렉스	599	인천광역시 남동구 남동서로 346	인천광역시	남동구	126.7015875	37.4182513
(주)포나후렉스천안사업장	178	충청남도 천안시 동남구 동면 충절로 2294-56	충청남도	천안시 동남구 동면	127.3589567	36.7771053
(주)포레스코	54	인천광역시 서구 봉수대로 212	인천광역시	서구	126.6620917	37.494781
(주)포스코(포항제철소)	1391	경상북도 포항시 남구 동해안로 6261	경상북도	포항시 남구	129.3826367	35.9986201
(주)포스코ESM	52	경상북도 구미시 산동면 첨단기업1로 87	경상북도	구미시 산동면	128.4474361	36.1423165
(주)포스코켐텍	353	경상북도 포항시 남구 신항로 110	경상북도	포항시 남구	129.4158125	36.0018583
(주)풍산부산사업장	2	부산광역시 해운대구 선수촌로 230	부산광역시	해운대구	129.1268529	35.2126902
(주)풍산안강공장	5714	경상북도 경주시 안강읍 호국로 2606-10	경상북도	경주시 안강읍	129.1835192	35.9814335
(주)풍산울산사업장	0	울산광역시 울주군 온산읍 산암로 94	울산광역시	울주군 온산읍	129.3384615	35.4371728
(주)풍전비철	6	인천광역시 서구 사렴로 48	인천광역시	서구	126.640125	37.5534583
(주)프린테크엘피엠	4209	인천 남동구 은봉로 24	인천광역시	남동구	126.6942585	37.4119725
(주)플라스틱과사람들	2	충청북도 음성군 삼성면 금율로389번길 17-21	충청북도	음성군 삼성면	127.5354776	37.0370108
(주)피앤씨	126	경기도 안성시 원곡면 지문로 423	경기도	안성시 원곡면	127.1460163	37.0726633
(주)피앤씨테크	103	대전광역시 대덕구 신일동로67번길 24	대전광역시	대덕구	127.4106735	36.4407565
(주)피엔에스더존샤시	0	부산광역시 사상구 학감대로 181	부산광역시	사상구	128.9884889	35.1470833
(주)피엔에스알미늄	16	경상남도 창원시 성산구 웅남로 654-24	경상남도	창원시 성산구	128.6816083	35.2017418
(주)피엠씨텍	2715	전남 광양시 제철로 2408	전라남도	광양시	127.7727712	34.913744
(주)피엠피티	0	인천광역시 남동구 남동서로23번길 114	인천광역시	남동구	126.676418	37.396868
(주)피죤	0	충청북도 진천군 초평면 용정길 29-7	충청북도	진천군 초평면	127.5162426	36.8415565
(주)하남전자	14010	광주광역시 광산구 용아로 534-10	광주광역시	광산구	126.8048705	35.1905322
(주)하이스텐	0	경상남도 김해시 주촌면 서부로1499번길 113-79	경상남도	김해시 주촌면	128.8097889	35.2283349
(주)하이엘	0	전라북도 완주군 소양면 원암로 54-13	전라북도	완주군 소양면	127.252013	35.866915
(주)하진켐텍	351	부산광역시 강서구 녹산산단290로 27-15	부산광역시	강서구	128.8503698	35.0861582
(주)한국라티스	26	경상북도 구미시 1공단로6길 175	경상북도	구미시	128.3778174	36.0863062
(주)한국로텍	35	부산광역시 강서구 녹산산단153로 79	부산광역시	강서구	128.8338008	35.0962242
(주)한국몰드 김제	1148	전라북도 김제시 백산면 대동공단2길 38	전라북도	김제시 백산면	126.8624506	35.8498372
(주)한국백신	49	경기도 안산시 단원구 목내로 128	경기도	안산시 단원구	126.7762232	37.3108878
(주)한국신소재	8	경상남도 밀양시 부북면 춘화로 85	경상남도	밀양시 부북면	128.7425079	35.508084
(주)한국전자재료	1	인천광역시 남동구 능허대로 690	인천광역시	남동구	126.6879797	37.388053
(주)한국폴리텍	103	강원도 원주시 부론면 견훤로 557	강원도	원주시 부론면	127.7726108	37.2540205
(주)한국프로테크	0	경기도 안산시 단원구 범지기로 40	경기도	안산시 단원구	126.7797875	37.3094667
(주)한국피아이엠	0	경상북도 경산시 진량읍 일연로115길 21	경상북도	경산시 진량읍	128.8041776	35.8582526
(주)한금	0	경상남도 양산시 어실로 89	경상남도	양산시	129.0304	35.3694295
(주)한금포항공장	0	경상북도 포항시 남구 철강산단로 240	경상북도	포항시 남구	129.3775754	35.9720403
(주)한농화성	200	전라북도 군산시 외항1길 24	전라북도	군산시	126.67325	35.9809429
(주)한두패키지	124	인천광역시 남동구 고잔동 666-9번지 남동공단 100B 10L 인천광역시 청능대로410번길 126	인천광역시	남동구	126.7007176	37.3940116
(주)한성정공	2449	경상북도 구미시 해평면 월호3길 51	경상북도	구미시 해평면	128.394425	36.2071346
(주)한솔케미칼	1747	전라북도 완주군 봉동읍 과학로 873	전라북도	완주군 봉동읍	127.1238641	35.9474274
(주)한솔케미칼울산공장	76	울산광역시 남구 납도로 116	울산광역시	남구	129.362225	35.51735
(주)한수	3	경기도 안산시 단원구 원시동 741-5 산단로 35번길 44	경기도	안산시 단원구	126.7807631	37.3007779
(주)한양에스앤씨함안지점	0	경상남도 함안군 군북면 함안산단로 155 함안일반산업단지 7블럭 2롯트	경상남도	함안군 군북면	128.3218554	35.2941644
(주)한일	4	충청남도 아산시 배방읍 신흥길 140	충청남도	아산시 배방읍	127.041066	36.7533982
(주)한일버튼랜드	8	경기도 포천시 가산면 정교1길 50-1	경기도	포천시 가산면	127.1669209	37.8196641
(주)한일섬유	169	경기도 안산시 단원구 범지기로 183	경기도	안산시 단원구	126.795509	37.307072
(주)한진중공업	24150	부산광역시 영도구 태종로 233	부산광역시	영도구	129.0527761	35.0974025
(주)한진중공업다대포제작소	13396	부산광역시 사하구 다대로605번길 66	부산광역시	사하구	128.9768906	35.0515482
(주)한창기업	39	인천광역시 남동구 고잔동 688-2	인천광역시	남동구	126.6849682	37.398774
(주)한프	26316	충북 진천군 덕산면 이덕로 681	충청북도	진천군 덕산면	127.4904499	36.9103679
(주)한화구미사업장	1	경상북도 구미시 산호대로 264-36	경상북도	구미시	128.3904603	36.1050418
(주)한화대전사업장	12277	대전광역시 유성구 외삼로8번길 99	대전광역시	유성구	127.3276177	36.4020166
(주)한화보은사업장	0	충청북도 보은군 내북면 회인내북로 857	충청북도	보은군 내북면	127.6356356	36.5667002
(주)한화여수사업장	0	전라남도 여수시 신월로 411	전라남도	여수시	127.6955444	34.7286047
(주)해광요업	2	인천광역시 남동구 남동서로84번길 48	인천광역시	남동구	126.6875375	37.3973821
(주)혁진	21	경상남도 양산시 산막공단북5길 23	경상남도	양산시	129.05922	35.369296
(주)현대미포조선	367927	울산광역시 동구 방어진순환도로 100	울산광역시	동구	129.3986744	35.5054706
(주)현대미포조선대불공장	51934	전라남도 영암군 삼호읍 대불산단1로 65	전라남도	영암군 삼호읍	126.4506508	34.7697947
(주)현대미포조선모화공장	179	경상북도 경주시 외동읍 문산공단안길 48	경상북도	경주시 외동읍	129.3303261	35.6680013
(주)현대미포조선온산공장	69735	울산광역시 울주군 온산읍 산암로 487	울산광역시	울주군 온산읍	129.3564671	35.4281528
(주)협성	0	경상남도 창원시 팔용동 24-13	경상남도	창원시 의창구	128.6083347	35.2479909
(주)홍인	0	경상남도 의령군 용덕면 정동리 811	경상남도	의령군 용덕면	128.2970594	35.3437109
(주)홍인함안	1	경상남도 함안군 군북면 함안산단2길 25-17	경상남도	함안군 군북면	128.3188939	35.2903025
(주)화남피혁	0	경기도 안산시 단원구 해봉로 34	경기도	안산시 단원구	126.7597344	37.3052303
(주)화신	0	경상북도 영천시 언하공단1길 14	경상북도	영천시	128.962	35.987201
(주)화신케미칼	35700	경상남도 창원시 의창구 차룡단지로 196	경상남도	창원시 의창구	128.632038	35.237243
(주)화인상사	13	인천광역시 남동구 앵고개로654번길 63	인천광역시	남동구	126.7086902	37.3869701
(주)화인인더스트리	0	인천광역시 남동구 청능대로 405	인천광역시	남동구	126.7043153	37.3994023
(주)화인케미칼	0	경상남도 김해시 진영읍 서부로123번길 30-16 화인케미칼	경상남도	김해시 진영읍	128.7684487	35.2877699
(주)화인프라텍	0	충청북도 음성군 원남면 원남산단로 208-13	충청북도	음성군 원남면	127.6776652	36.8892612
(주)화창	147	경상남도 함안군 칠서면 공단북길 78	경상남도	함안군 칠서면	128.4746774	35.3735316
(주)황조두류공단2지점	28	경상북도 경주시 안강읍 두류길 149 두류공단	경상북도	경주시 안강읍	129.16455	35.9759929
(주)효산LPL	1625	인천광역시 남동구 남동서로23번길 96	인천광역시	남동구	126.677568	37.3965521
(주)효성언양공장	5	울산광역시 울주군 언양읍 언양로 514	울산광역시	울주군 언양읍	129.1789539	35.5523194
(주)효성옥산공장	19142	충청북도 청원군 옥산면 옥산산단로 99	충청북도	청주시 흥덕구 옥산면	127.3739369	36.7003778
(주)효성용연3공장	28750	울산광역시 남구 용연로 130	울산광역시	남구	129.3571433	35.4809327
(주)효성울산공장	10181	울산광역시 남구 납도로 30	울산광역시	남구	129.3584743	35.5123422
(주)효성전주공장	6808	전라북도 전주시 덕진구 기린대로 886	전라북도	전주시 덕진구	127.0884014	35.8655612
(주)효성창원1공장	4	경상남도 창원시 성산구 연덕로 171	경상남도	창원시 성산구	128.6623441	35.2176222
(주)효성창원3공장	12321	경상남도 창원시 성산구 공단로 303	경상남도	창원시 성산구	128.6582735	35.2122735
(주)후성	2460	울산광역시 남구 장생포로 336	울산광역시	남구	129.3776887	35.5088614
(주)휴비스전주공장	455	전라북도 전주시 덕진구 기린대로 787	전라북도	전주시 덕진구	127.096431	35.8543185
(주)희성화학	7	충청북도 청원군 북이면 신대석성로 91-63	충청북도	청주시 청원구 북이면	127.5393893	36.7359198
(주)힘스냉천공장	8755	경상북도 경주시 외동읍 냉천제내공단길 195-17	경상북도	경주시 외동읍	129.2854625	35.7143513
(주)힘스대불2공장	28560	전라남도 영암군 삼호읍 대불산단6로 155	전라남도	영암군 삼호읍	126.4323639	34.7591889
DLP(주)	351	충청남도 당진시 합덕읍 합덕산단2로 33	충청남도	당진시 합덕읍	126.7456748	36.8123833
DSR제강(주)	0	전라남도 순천시 서면 산단1길 15	전라남도	순천시 서면	127.5075474	34.9846089
DSR제강(주)2공장	0	전라남도 순천시 서면 산단4길 38	전라남도	순천시 서면	127.5096286	34.9811201
DSR제강(주)율촌공장	0	전라남도 순천시 해룡면 율촌산단1로 80-21	전라남도	순천시 해룡면	127.580435	34.8931121
GS칼텍스(주)	11650	전라남도 여수시 여수산단로 918	전라남도	여수시	127.7014858	34.8501277
GS칼텍스인천물류센터	61	인천광역시 중구 월미로 182	인천광역시	중구	126.6047209	37.4776784
KB오토시스(주)	0	충청남도 아산시 음봉면 아산온천로 528-24	충청남도	아산시 음봉면	127.0090665	36.8470275
KPX그린케미칼(주)	3408	충청남도 서산시 대산읍 독곶2로 103	충청남도	서산시 대산읍	126.3533106	37.0036641
KPX라이프사이언스주식회사	386	전라남도 여수시 여수산단2로 84	전라남도	여수시	127.6551464	34.8062689
KPX케미칼(주)	1772	울산광역시 남구 납도로 103	울산광역시	남구	129.357125	35.517842
LGMMA(주)	276	전라남도 여수시 여수산단4로 58	전라남도	여수시	127.6857423	34.8334587
LGMMA주PMMA	0	전라남도 여수시 여수산단2로 55	전라남도	여수시	127.6527018	34.8035201
LG이노텍	3	경상북도 구미시 옥계2공단로 221	경상북도	구미시	128.4104729	36.1284966
LG이노텍(주)	167	경기도 오산시 황새로 197	경기도	오산시	127.05955	37.1445737
LG이노텍(주)구미1공장	372	경상북도 구미시 수출대로7길 50-9	경상북도	구미시	128.379654	36.1154175
LG이노텍청주공장	130	충청북도 청주시 흥덕구 2순환로971번길 93	충청북도	청주시 흥덕구	127.4291041	36.6481558
LG전자(주)창원1공장	43238	경상남도 창원시 성산구 성산패총로 170	경상남도	창원시 성산구	128.6853	35.2057763
LG하우시스	342	울산광역시 울주군 온양읍 덕망로 275 lg하우시스 울산공장	울산광역시	울주군 온양읍	129.2930111	35.4519662
LG하우시스	0	충청북도 청주시 흥덕구 백봉로 39	충청북도	청주시 흥덕구	127.4364992	36.6525047
LG화학오창1공장	0	충청북도 청원군 옥산면 과학산업3로 29	충청북도	청주시 흥덕구 옥산면	127.4181995	36.6980057
LG화학청주공장	12	충청북도 청주시 흥덕구 2순환로 765	충청북도	청주시 흥덕구	127.4473611	36.6544793
LS산전(주)청주1공장	1	충청북도 청주시 흥덕구 백봉로 95	충청북도	청주시 흥덕구	127.4469263	36.6516396
LS엠트론정읍사업장	27	전라북도 정읍시 북면 3산단2길 2	전라북도	정읍시 북면	126.9107051	35.6131604
NC울산(주)	83	울산광역시 남구 용잠로 339	울산광역시	남구	129.3699774	35.4922218
OCI(주)광양공장	1531	전라남도 광양시 산업로 109	전라남도	광양시	127.7561059	34.9372435
OCI(주)군산공장	299	전라북도 군산시 외항로 82	전라북도	군산시	126.664282	35.9821814
OCI(주)포항공장	439	경상북도 포항시 남구 청림서길 54	경상북도	포항시 남구	129.4119506	35.9998445
SCC(주)	25	경상북도 구미시 수출대로7길 22	경상북도	구미시	128.378303	36.1127454
SDI케미칼 주식회사	26910	전라남도 여수시 여수산단로 334-27	전라남도	여수시	127.6748565	34.8143055
SKC(주)울산공장	12250	울산광역시 남구 용잠로 255	울산광역시	남구	129.3639417	35.4964168
SKCKOLONPI	0	경상북도 구미시 수출대로 48	경상북도	구미시	128.3749856	36.1029792
SK루브리컨츠(주)	1	울산광역시 남구 신여천로 2	울산광역시	남구	129.35335	35.507208
SK바이오텍(주)	28	대전광역시 유성구 엑스포로 325	대전광역시	유성구	127.3978058	36.38448
SK에너지주식회사	5781	울산광역시 남구 신여천로 2	울산광역시	남구	129.35335	35.507208
SK이노베이션(주)증평공장	319767	충청북도 증평군 증평읍 미암로 82-41	충청북도	증평군 증평읍	127.5950651	36.796408
SK이노베이션(주)청주공장	12526	충청북도 청주시 흥덕구 월명로235번길 50	충청북도	청주시 흥덕구	127.4505638	36.6566311
SK인천석유화학주식회사	4635	인천광역시 서구 봉수대로 415	인천광역시	서구	126.6607343	37.5132477
SK케미칼(주)울산공장	661	울산광역시 남구 황성동 600번지 처용로 718	울산광역시	남구	129.3579601	35.4612461
SOil(주)2공장	1450	울산광역시 울주군 온산읍 온산로 68	울산광역시	울주군 온산읍	129.3404089	35.4388688
SOil(주)제1공장	9665	울산광역시 울주군 온산읍 온산로 68	울산광역시	울주군 온산읍	129.3404089	35.4388688
SPP조선(주)	9481	경상남도 통영시 광도면 공단로 940	경상남도	통영시 광도면	128.4265945	34.958747
SPP조선(주)고성조선소	5720	경상남도 고성군 동해면 동해로 1261	경상남도	고성군 동해면	128.4102022	35.0425184
SPP조선(주)사천조선소	60066	경상남도 사천시 사남면 해안산업로 537	경상남도	사천시 사남면	128.0408107	35.0526897
STX조선해양(주)	124677	경상남도 창원시 진해구 명제로 60	경상남도	창원시 진해구	128.7167239	35.1080877
STX중공업(주)	0	경상남도 창원시 성산구 남면로 381	경상남도	창원시 성산구	128.6570622	35.2198014
STX중공업(주)창원1공장	8043	경상남도 창원시 성산구 적현로 222	경상남도	창원시 성산구	128.601025	35.205751
TDK한국(주)	76	경기도 평택시 청북면 현곡산단로 104	경기도	평택시 청북읍	126.9472049	37.0363603
skckolonpi(주)	1	충청북도 진천군 이월면 고등1길 27	충청북도	진천군 이월면	127.4268596	36.9160449
sk종합화학주식회사	19184	울산광역시 남구 신여천로 2	울산광역시	남구	129.35335	35.507208
갑을메탈주식회사	373	충청북도 음성군 대소면 대소산단로 66 갑을메탈 주식회사	충청북도	음성군 대소면	127.4552414	36.9793712
강남제비스코(주)함안	3675	경남 함안군 칠서면 공단동길 79 강남제비스코	경상남도	함안군 칠서면	128.48496	35.3722332
강남케이피아이(주) 시화공장	28	경기도 안산시 단원구 지원로13번길 18	경기도	안산시 단원구	126.7459763	37.3072628
강남화성주식회사	176	경기도 안산시 단원구 별망로 253	경기도	안산시 단원구	126.7544693	37.3102644
강림이엔알	0	경상남도 함안군 군북면 석교천길 268	경상남도	함안군 군북면	128.3286696	35.2856246
개나리벽지(주)	16528	경기도 화성시 정남면 관항길 178-24	경기도	화성시 정남면	126.9689803	37.1790011
건설화학공업주식회사	2203	경기도 군포시 농심로 8	경기도	군포시	126.9504685	37.3614157
경도화학공업주식회사	37	경기도 안산시 단원구 별망로 395	경기도	안산시 단원구	126.7694937	37.3062755
경동에버런-서탄공장	0	경기도 평택시 서탄면 수월암길 95 경동에버런 서탄공장	경기도	평택시 서탄면	127.0390786	37.124066
경동제약(주)	478	경기도 화성시 양감면 제약단지로 224-3	경기도	화성시 양감면	126.935063	37.087457
경원산업(주)	1	경기도 시흥시 희망공원로 241	경기도	시흥시	126.7226525	37.3434661
경향셀(유)	0	전남 담양군 담양읍 에코길 56	전라남도	담양군 담양읍	127.0019676	35.3388824
고려강선(주)	0	경상남도 양산시 유산공단7길 15	경상남도	양산시	129.0344869	35.362728
고려강선(주) 포항	0	경상북도 포항시 남구 대송면 철강산단로130번길 52	경상북도	포항시 남구 대송면	129.3757383	35.9621677
고려강선(주)창원공장	0	경상남도 창원시 성산구 정동로 18	경상남도	창원시 성산구	128.683488	35.193768
고려아연(주)온산제련소	4307	울산광역시 울주군 온산읍 이진로 139	울산광역시	울주군 온산읍	129.3408	35.4298167
고려용접봉(주)부산공장	0	부산광역시 사상구 새벽로 63	부산광역시	사상구	128.9807033	35.1470445
고려용접봉(주)창원공장	0	경상남도 창원시 성산구 공단로 704	경상남도	창원시 성산구	128.690213	35.190335
고려제강(주)건천공장	0	경상북도 경주시 건천읍 용명공단길 173-91	경상북도	경주시 건천읍	129.1073544	35.8724996
고려제강(주)양산공장	13	경상남도 양산시 상북면 양산대로 1314	경상남도	양산시 상북면	129.0517851	35.3854952
고려제강(주)유산공장	11	경상남도 양산시 어실로 1	경상남도	양산시	129.0364871	35.3641218
고려제강(주)하이로프공장	4	부산광역시 기장군 정관면 산단6로 5	부산광역시	기장군 정관읍	129.1956876	35.3171563
고려제강군북공장	10	경상남도 함안군 군북면 함안산단4길 25	경상남도	함안군 군북면	128.3226443	35.2901986
고려특수선재유산공장	0	경상남도 양산시 어실로 43	경상남도	양산시	129.0337873	35.3664299
고성조선해양주식회사	56602	경상남도 고성군 동해면 조선특구로 740	경상남도	고성군 동해면	128.4616202	34.9937433
골드산업주식회사	655	부산광역시 강서구 송정동 1569-17	부산광역시	강서구	128.8439727	35.092051
광동하이텍(주)	3	광주광역시 광산구 하남산단7번로 63	광주광역시	광산구	126.802184	35.206285
광명잉크제조(주)	2	부산광역시 강서구 녹산산단165로 6	부산광역시	강서구	128.8362302	35.089827
구봉정공	0	대구광역시 북구 팔달로7길 32	대구광역시	북구	128.557221	35.8923679
국도정밀(주)	237	경기도 시흥시 공단2대로 15	경기도	시흥시	126.6982426	37.3378828
국도화학(주)부산사업소	389	부산광역시 강서구 녹산산단165로 64-17	부산광역시	강서구	128.837625	35.0949668
국도화학(주)익산지점	1084	전라북도 익산시 석암로13길 32	전라북도	익산시	127.0119338	35.9509763
국일신동(주)	0	경기도 안산시 단원구 번영2로 58	경기도	안산시 단원구	126.7404	37.322125
극동전선(주)	51	충청북도 진천군 초평면 용정길 29-23	충청북도	진천군 초평면	127.5184046	36.8414399
금강공업(주)	2	울산광역시 울주군 삼남면 반구대로 359	울산광역시	울주군 삼남면	129.1013725	35.5304595
금강기업(주)	0	충청북도 음성군 삼성면 청용로 312	충청북도	음성군 삼성면	127.4645524	37.0148285
금강중공업(주)	3509	경상남도 고성군 동해면 동해로 1469	경상남도	고성군 동해면	128.4334145	35.0458232
금강페인트공업주식회사	6	경상북도 영천시 고경면 추곡길 86-75	경상북도	영천시 고경면	129.0084492	35.9875734
금문산업(주)	470	부산광역시 강서구 녹산산업중로 224	부산광역시	강서구	128.844575	35.093165
금문산업(주)	700	부산광역시 강서구 녹산산단261로23번길 8	부산광역시	강서구	128.8454082	35.0911553
금성연마공업(주)	1	경기도 안산시 단원구 목내로122번길 4	경기도	안산시 단원구	126.7759358	37.3094547
금호미쓰이화학(주)	96	전라남도 여수시 여수산단2로 305	전라남도	여수시	127.6487281	34.818586
금호석유화학(주)여수고무제1공장	4784	전라남도 여수시 여수산단3로 118	전라남도	여수시	127.6683705	34.8262112
금호석유화학(주)여수고무제2공장	1506	전라남도 여수시 산단중앙로 331	전라남도	여수시	127.6642936	34.8305499
금호석유화학(주)여수정밀화학공장	59	전라남도 여수시 여수산단2로 227	전라남도	여수시	127.6524696	34.8161996
금호석유화학(주)예산건자재공장	0	충청남도 예산군 고덕면 예덕로 1033-9	충청남도	예산군 고덕면	126.7241851	36.7826429
금호석유화학(주)울산고무공장	2712	울산광역시 남구 상개로 64	울산광역시	남구	129.3262456	35.4892929
금호석유화학울산수지공장	6329	울산광역시 남구 처용로 260-257	울산광역시	남구	129.3352178	35.4899501
금호타이어(주)	16	광주광역시 광산구 어등대로 658	광주광역시	광산구	126.7913009	35.1424558
금호타이어주식회사곡성공장	1	전남 곡성군 입면 금호길 85-63	전라남도	곡성군 입면	127.2029636	35.3123866
금호피앤비화학(주)제1공장	2633	전라남도 여수시 여수산단2로 218	전라남도	여수시	127.6565446	34.8146812
금호피앤비화학(주)제2공장	235	전라남도 여수시 여수산단2로 46-53	전라남도	여수시	127.6599238	34.8110285
금호화성	10799	경기도 시흥시 소망공원로 73	경기도	시흥시	126.7097038	37.3424826
기성금속(주)화전공장	19	부산광역시 강서구 화전산단1로 135	부산광역시	강서구	128.8825427	35.0980033
기아자동차(주)소하리공장	0	경기도 광명시 기아로 113	경기도	광명시	126.8941237	37.440624
기아자동차(주)화성공장	767	경기도 화성시 우정읍 기아자동차로 95	경기도	화성시 우정읍	126.7869769	37.0342655
기아자동차광주1공장	0	광주광역시 서구 화운로 277	광주광역시	서구	126.8652234	35.1635744
기아자동차광주2공장	0	광주광역시 서구 화운로 221	광주광역시	서구	126.8728348	35.1607086
기아자동차하남주조공장	1	광주광역시 광산구 손재로 257-21	광주광역시	광산구	126.792834	35.1883264
날코코리아(유)	783	경상남도 양산시 어곡공단1길 78	경상남도	양산시	129.0189508	35.3786369
남방씨엔에이(주)	679	경기도 평택시 팽성읍 추팔산단1길 204	경기도	평택시 팽성읍	127.0749391	36.9568654
남양금속(주)	1	대구광역시 달성군 논공읍 논공로53길 20	대구광역시	달성군 논공읍	128.4558	35.739701
남양화학공업(주)	1812	충청남도 공주시 정안면 정안농공단지길 32-87 .	충청남도	공주시 정안면	127.1290232	36.6203232
노벨리스코리아주식회사울산공장	0	울산광역시 남구 부두로 393	울산광역시	남구	129.3625146	35.5395328
녹십자엠에스음성지점	8	충청북도 음성군 금왕읍 무극로65번길 26	충청북도	음성군 금왕읍	127.5720582	36.9889169
뉴모텍(주)	153	광주광역시 광산구 하남산단7번로 8	광주광역시	광산구	126.7959609	35.2054047
니카코리아(주)대구공장	602	대구광역시 달서구 성서로 18-6	대구광역시	달서구	128.504687	35.818942
다이토키스코(주)	1	인천광역시 서구 건지로 211	인천광역시	서구	126.6654174	37.5002781
다인D/S	0	대구 달성군 논공읍 비슬로262길 91-5	대구광역시	달성군 논공읍	128.4176746	35.7503035
대경기계기술(주)	0	울산 남구 처용로 260-37 대경기계기술	울산광역시	남구	129.3388927	35.4970706
대경기계기술(주)여수2공장	0	전라남도 여수시 여수산단1로 276-52	전라남도	여수시	127.6430461	34.8275292
대경기계기술(주)울산2공장	30	울산광역시 울주군 온산읍 대정로 52 대경기계기술	울산광역시	울주군 온산읍	129.3340609	35.4226789
대경기계기술(주)울산3공장	0	울산 울주군 온산읍 산성길 159 대경기계기술	울산광역시	울주군 온산읍	129.3275524	35.428219
대경화학(주)	11	부산 사하구 다산로225번길 20	부산광역시	사하구	128.9538278	35.0731974
대경화학(주)	5	부산 사하구 다산로226번길 33	부산광역시	사하구	128.9558132	35.0749142
대구텍유한회사	29	대구광역시 달성군 가창면 가창로 1040	대구광역시	달성군 가창면	128.6261259	35.7988456
대덕GDS(주)안산지점	2	경기도 안산시 단원구 강촌로 230	경기도	안산시 단원구	126.7745042	37.316077
대덕전자(주)	57	경기도 안산시 단원구 별망로 473	경기도	안산시 단원구	126.7780983	37.3032772
대덕전자(주)1공장	4	경기도 안산시 단원구 범지기로 27	경기도	안산시 단원구	126.7790725	37.3117624
대덕전자(주)시화공장	43	경기도 시흥시 소망공원로 335	경기도	시흥시	126.7332644	37.3279764
대덕지디에스(주)	2	경기도 안산시 단원구 산단로 63	경기도	안산시 단원구	126.7848867	37.301526
대동금속(주)	1	대구광역시 달성군 논공읍 논공로 602	대구광역시	달성군 논공읍	128.456112	35.737735
대동금속화학공업사	0	경기도 시흥시 군자천로 147	경기도	시흥시	126.7216654	37.3332004
대동산업(주)	0	충청남도 천안시 서북구 성거읍 천일고2길 150	충청남도	천안시 서북구 성거읍	127.1524742	36.8647159
대륙금속(주)	1513	울산광역시 남구 처용로487번길 18-53	울산광역시	남구	129.3508104	35.4788694
대륙금속(주)신평공장	39	부산광역시 사하구 을숙도대로 569	부산광역시	사하구	128.9682169	35.0859001
대림산업(주)여수C4공장	12	전라남도 여수시 산단중앙로 275	전라남도	여수시	127.6657473	34.8297207
대림산업(주)여수공장	0	전라남도 여수시 여수산단2로 220-10	전라남도	여수시	127.6571433	34.8177114
대림통상(주)증평공장	20	충청북도 증평군 증평읍 증평산단로 23 대림통상	충청북도	증평군 증평읍	127.5923116	36.8048671
대명아이티에스(주)	21	인천광역시 서구 가남로 55	인천광역시	서구	126.6735468	37.4865804
대봉엘에스(주)	971	인천광역시 남동구 능허대로649번길 123	인천광역시	남동구	126.6877056	37.3957133
대상에스티(주)	0	충청북도 음성군 대소면 오태로116번길 175-29	충청북도	음성군 대소면	127.4829596	36.9528238
대선조선(주)다대공장	4829	부산 사하구 감천항로 454	부산광역시	사하구	128.9896402	35.0578431
대성하이피(주)	0	경기도 안산시 단원구 별망로 635	경기도	안산시 단원구	126.7948116	37.3014621
대신금속(주)	1	경상남도 창원시 의창구 팔용로346번길 10	경상남도	창원시 의창구	128.608563	35.248601
대신금속(주)마산공장	1	경상남도 창원시 마산회원구 자유무역3길 96	경상남도	창원시 마산회원구	128.5933202	35.2154778
대신메라민산업(주)	36	인천광역시 남동구 호구포로14번길 106	인천광역시	남동구	126.7010409	37.3871617
대신메탈라이징(주)	406	경상북도 포항시 남구 대송로101번길 67	경상북도	포항시 남구	129.3615513	35.9933787
대아알미늄(주)	1	대구광역시 달서구 성서공단로21길 85	대구광역시	달서구	128.492562	35.843299
대양전기공업(주)	0	부산광역시 사하구 장평로 245	부산광역시	사하구	128.972475	35.088024
대양프라텍(주)1공장	0	경기도 시흥시 소망공원로 188	경기도	시흥시	126.7194769	37.3354326
대양프라텍(주)2공장	0	경기 시흥시 소망공원로 188 정왕동1265-2 2라 203호 110동	경기도	시흥시	126.7194769	37.3354326
대영용기(주)	3139	경기도 김포시 통진읍 가현로3번길 50	경기도	김포시 통진읍	126.5795098	37.6681438
대우조선해양(주)	365780	경상남도 거제시 거제대로 3370	경상남도	거제시	128.7016818	34.8676661
대원전선(주)	0	충청남도 예산군 고덕면 호음덕령길 92	충청남도	예산군 고덕면	126.7315963	36.7716033
대일개발주식회사	858	경기도 안산시 단원구 지원로 7	경기도	안산시 단원구	126.746602	37.3064688
대일피혁(주)	0	부산광역시 사하구 다대로1066번길 14	부산광역시	사하구	128.9531153	35.0778655
대주전자재료(주)	6	경기도 시흥시 서해안로 148	경기도	시흥시	126.702117	37.3440906
대한유화(주)온산공장	6199	울산광역시 울주군 온산읍 온산로 134	울산광역시	울주군 온산읍	129.3350419	35.4530473
대한유화공업(주)울산공장	3	울산광역시 남구 처용로 260-158	울산광역시	남구	129.3352892	35.4940813
대한이연(주)1공장	0	대전광역시 대덕구 평촌2길 24	대전광역시	대덕구	127.4344339	36.4356993
대한이연(주)2공장	0	대전광역시 대덕구 신탄진로756번안길 90	대전광역시	대덕구	127.4344704	36.4430735
대한전선(주)당진공장	2	충청남도 당진시 고대면 대호만로 870 대한전선	충청남도	당진시 고대면	126.6021354	36.9597463
대한특수금속(주)	0	경상북도 고령군 다산면 다산산단2길 10-30	경상북도	고령군 다산면	128.391188	35.78885
대한화인세라믹(주)	3	강원도 원주시 문막읍 문막공단길 37	강원도	원주시 문막읍	127.8053243	37.2983822
대화제약(주)	12120	강원도 횡성군 횡성읍 한우로 495 대화제약	강원도	횡성군 횡성읍	128.006261	37.4904723
대화페인트공업(주)	77	경기도 안산시 단원구 신원로 190	경기도	안산시 단원구	126.7577	37.312175
대흥특수화학(주)	3	경기도 화성시 팔탄면 서해로1313번길 33-12	경기도	화성시 팔탄면	126.8829347	37.1745688
더블유스코프코리아(주)	815660	충청북도 청원군 오창읍 과학산업4로 106	충청북도	청주시 청원구 오창읍	127.4135783	36.7035907
더스코와이어주식회사	17	충청남도 천안시 동남구 성남면 대흥1길 173-130	충청남도	천안시 동남구 성남면	127.2300349	36.7243921
덕산실업(주)	1	경기도 안성시 미양면 미양로 269-130	경기도	안성시 미양면	127.1913844	36.975393
덕산약품공업(주)	869	경기도 안산시 단원구 신원로133번길 53	경기도	안산시 단원구	126.7539752	37.3189196
덕우전자(주)	3007	경상북도 구미시 산동면 첨단기업7로 98-23	경상북도	구미시 산동면	128.445124	36.1507174
덕우전자(주)제2사업장	0	경상북도 구미시 산동면 첨단기업로 185-26	경상북도	구미시 산동면	128.4451375	36.1497487
덴소코리아일렉트로닉스(주)	0	경상남도 창원시 마산합포구 첨단산업로 3	경상남도	창원시 마산합포구	128.552755	35.1583142
도레이배터리세퍼레이터필름한국유한회사	53269	경상북도 구미시 산동면 첨단기업7로 50	경상북도	구미시 산동면	128.4372125	36.1502821
도레이첨단소재(주) 군산공장	10	전북 군산시 새만금북로 90	전라북도	군산시	126.5432204	35.9422174
동곡산업(주)	0	충청북도 음성군 삼성면 상곡로 55	충청북도	음성군 삼성면	127.4555805	36.9990627
동국제강(주)부산공장	402	부산광역시 남구 신선로 102	부산광역시	남구	129.0735895	35.1117224
동남정밀(주)1공장	2	울산광역시 울주군 온산읍 석당길 53	울산광역시	울주군 온산읍	129.3346619	35.4338675
동남중공업(주)	20750	전라남도 영암군 삼호읍 대불산단6로 156	전라남도	영암군 삼호읍	126.4374142	34.7622522
동남합성	268	충청남도 공주시 탄천면 탄천산업단지길 80-61	충청남도	공주시 탄천면	127.0572156	36.2998023
동방에프티엘	33	경기도 화성시 향남읍 제약공단4길 78	경기도	화성시 향남읍	126.901062	37.091024
동부인천스틸	60	인천광역시 서구 백범로 789	인천광역시	서구	126.6663749	37.4819039
동부제철(주)	0	충청남도 당진시 송악면 고대리 333	충청남도	당진시 송악읍	126.7481651	36.9806247
동부팜한농(주)반월공장	408	경기도 안산시 단원구 해안로 131	경기도	안산시 단원구	126.7742434	37.2995119
동서석유화학(주)	4694	울산광역시 남구 사평로 108-70	울산광역시	남구	129.3320658	35.4975742
동서유지(주)	0	경남 창원시 의창구 반계로 10	경상남도	창원시 의창구	128.611488	35.246726
동서화학공업(주)	332	경상북도 포항시 남구 철강로 403	경상북도	포항시 남구	129.3823998	35.977198
동아공업(주)	4611	경기도 안산시 단원구 산단로 153	경기도	안산시 단원구	126.7888246	37.3100093
동아알루미늄(주)	11068	인천광역시 서구 가재울로54번길 14	인천광역시	서구	126.6792058	37.4785243
동아에스티(주)천안공장	3547	충남 천안시 서북구 백석공단1로 200-23	충청남도	천안시 서북구	127.11145	36.8403237
동아전지주식회사	359	울산광역시 울주군 온산읍 화산2길 20	울산광역시	울주군 온산읍	129.3325017	35.4259905
동아타이어공업(주)	320	울산광역시 울주군 온산읍 처용산업2길 12	울산광역시	울주군 온산읍	129.3407139	35.46425
동아타이어공업(주)북정공장	11	경상남도 양산시 양산대로 1077	경상남도	양산시	129.0413834	35.3646515
동아화학(주)	0	경기도 안산시 단원구 동산로27번길 112	경기도	안산시 단원구	126.7893016	37.3223933
동양실리콘주식회사	0	경기도 안성시 양성면 도곡길 34-3 동양실리콘 주식회사	경기도	안성시 양성면	127.2125176	37.0780079
동양에코(주)	60	경상북도 포항시 남구 대송면 철강로492번길 49	경상북도	포항시 남구 대송면	129.3848125	35.9637165
동양주공(주)	2	인천광역시 남동구 호구포로120번길 104	인천광역시	남동구	126.7094035	37.3922142
동양특수금속	0	경상남도 창원시 성산구 정동로62번길 91	경상남도	창원시 성산구	128.693513	35.192993
동우알앤에스(주)	41	부산광역시 사상구 학감대로178번길 71	부산광역시	사상구	128.9928326	35.1470004
동우화인켐(주)	1	경기도 평택시 포승읍 포승공단로117번길 35	경기도	평택시 포승읍	126.8412066	36.9784384
동일고무벨트(주)	1603	부산광역시 금정구 공단동로55번길 28	부산광역시	금정구	129.115737	35.222868
동일금속(주)	2	경상북도 영천시 금호읍 금호로 6	경상북도	영천시 금호읍	128.86255	35.9286429
동일산업(주)	62	전라남도 영암군 삼호읍 대불산단5로 123 전남 영암군 삼호읍 난전리1715-3	전라남도	영암군 삼호읍	126.4411711	34.7544814
동일제강(주)	0	경기도 안성시 미양면 안성맞춤대로 474-40	경기도	안성시 미양면	127.2513654	36.9601793
동진피엔아이산업(주)	9	인천광역시 남구 도화동 968 인천광역시 남구 염전로 88	인천광역시	남구	126.6532998	37.4815016
동화기업(주)북성동	2074	인천광역시 중구 월미로 164	인천광역시	중구	126.6043875	37.4825096
동화약품(주) CGMP공장	716	충북 충주시 충주산단1로 167	충청북도	충주시	127.9505614	37.010395
동희오토주식회사	47	충청남도 서산시 성연면 신당1로 105-1	충청남도	서산시 성연면	126.4787689	36.831707
두산건설(주)창원2공장	0	경상남도 창원시 의창구 삼동로 101	경상남도	창원시 의창구	128.6518878	35.2238235
두산중공업(주)	0	경상남도 창원시 성산구 두산볼보로 22	경상남도	창원시 성산구	128.604087	35.181543
디와이파워(주)성주동 공장	401	경상남도 창원시 성산구 웅남로 812	경상남도	창원시 성산구	128.6931	35.1923179
디와이파워(주)웅남동 공장	1	경상남도 창원시 성산구 공단로 308-28	경상남도	창원시 성산구	128.6546476	35.20999
디케이동신(주)	35	경상북도 포항시 남구 대송로 154	경상북도	포항시 남구	129.371975	35.9935929
로버트보쉬코리아 유한회사	237	대전광역시 대덕구 신일서로 5	대전광역시	대덕구	127.4033633	36.4420837
롬엔드하스전자재료코리아(유)	550	충청남도 천안시 서북구 3공단1로 56	충청남도	천안시 서북구	127.1117854	36.8350838
롯데비피화학(주)	217	울산광역시 울주군 청량면 상개로 63-15	울산광역시	울주군 청량면	129.3178573	35.4898378
롯데엠알시	10816	충청남도 서산시 대산읍 독곶1로 82	충청남도	서산시 대산읍	126.3623623	37.0028821
롯데엠알시2공장	19	전라남도 여수시 여수산단4로 129	전라남도	여수시	127.6712654	34.8340548
롯데정밀화학(주)	17425	울산 남구 여천로217번길 19 롯데정밀화학	울산광역시	남구	129.368606	35.5257118
롯데케미칼(주)여수1공장	15348	전라남도 여수시 여수산단4로 53	전라남도	여수시	127.6781768	34.8206409
롯데케미칼(주)여수2공장	1843	전라남도 여수시 여수산단2로 116-82	전라남도	여수시	127.6635014	34.8138483
롯데케미칼(주)울산1공장	1343	울산광역시 남구 사평로 119	울산광역시	남구	129.3222084	35.4993342
롯데케미칼(주)울산2공장	1845	울산광역시 남구 용연로 184	울산광역시	남구	129.35858	35.4773166
롯데푸드(주)	0	충청남도 천안시 서북구 2공단4로 19	충청남도	천안시 서북구	127.1189	36.850824
르노삼성자동차	5	부산광역시 강서구 르노삼성대로 61	부산광역시	강서구	128.8832155	35.095408
리노공업	0	부산광역시 강서구 미음산단로105번길 10	부산광역시	강서구	128.8565214	35.1358696
릭실코리아(유)	2	경기도 안산시 단원구 신원로 355	경기도	안산시 단원구	126.7749484	37.3079549
만호제강(주)부산공장	7	부산광역시 강서구 녹산화전로 71	부산광역시	강서구	128.8646026	35.0955121
만호제강(주)창원공장	18670	경상남도 창원시 성산구 웅남로 670	경상남도	창원시 성산구	128.684725	35.200735
말표산업(주)	29	인천광역시 남동구 남동대로 37	인천광역시	남동구	126.6867172	37.3908944
명보기업(주)	23800	부산광역시 사하구 홍티로 12	부산광역시	사하구	128.9586403	35.0561814
명성산업(주)	0	대구광역시 달성군 화원읍 비슬로481길 14	대구광역시	달성군 화원읍	128.483125	35.7964
문성공업(주)	673	경상북도 경주시 외동읍 문산공단길 303-11	경상북도	경주시 외동읍	129.3232269	35.6636099
미광금속(주)	37	경상남도 창원시 성주동 48-2	경상남도	창원시 성산구	128.6917115	35.192081
미쓰이케미칼앤드에스케이씨폴리우레탄(주)울산공장	9451	울산광역시 남구 용잠로 255	울산광역시	남구	129.3639417	35.4964168
미원상사(주)	772	경기도 안산시 단원구 원시로 49	경기도	안산시 단원구	126.7781983	37.3025223
미원상사(주)전주2공장	1	전라북도 완주군 봉동읍 완주산단6로 56	전라북도	완주군 봉동읍	127.1213208	35.952854
미원상사(주)전주공장	5298	전라북도 완주군 봉동읍 완주산단1로 167	전라북도	완주군 봉동읍	127.1395752	35.9417034
미원스페셜티케미칼(주)	3037	전라북도 완주군 봉동읍 완주산단1로 167 미원스페셜티케미칼	전라북도	완주군 봉동읍	127.1395752	35.9417034
발레오전장시스템스코리아(주)	887	경상북도 경주시 공단로69번길 52	경상북도	경주시	129.224359	35.878494
발레오전장시스템스코리아(주)경주공장	760	경상북도 경주시 공단로69번길 52	경상북도	경주시	129.224359	35.878494
백광도금	5	대구광역시 북구 노원로39길 25-1	대구광역시	북구	128.580338	35.9023123
백광산업(주)	0	전라북도 군산시 임해로 494-16	전라북도	군산시	126.62529	35.9695779
범양금속공업(주)	0	인천광역시 남동구 승기천로 82	인천광역시	남동구	126.680883	37.4012547
범우화학공업주식회사	0	경상남도 양산시 유산공단4길 47-48	경상남도	양산시	129.0294875	35.3568571
베페사징크코리아주식회사	140	경상북도 경주시 천북면 천북산단로 265-15	경상북도	경주시 천북면	129.2647641	35.9457739
벨금속공업(주)	40	충청남도 천안시 서북구 천안대로 947-21	충청남도	천안시 서북구	127.1508879	36.8258282
벽산페인트(주)부산공장	742	부산광역시 사상구 낙동대로970번길 69	부산광역시	사상구	128.974825	35.146607
벽산페인트주식회사인천공장	4	인천광역시 서구 청마로34번길 39	인천광역시	서구	126.668159	37.5892801
봉신롤	0	강원도 태백시 동태백로 289-38	강원도	태백시	129.042586	37.1053383
부경산업(주)	22	경기도 안산시 단원구 신원로91번길 16	경기도	안산시 단원구	126.7519988	37.3166
부공산업(주)	5	충청남도 아산시 인주면 인주산단로 123-51	충청남도	아산시 인주면	126.8753987	36.8784746
부림케미칼(주)	3320	경기도 양주시 남면 휴암로284번길 403-111	경기도	양주시 남면	126.9771709	37.875513
부산주공(주)	15	울산광역시 울주군 온산읍 회학1길 54	울산광역시	울주군 온산읍	129.3276348	35.4604718
부산환경공단남부사업소	0	부산 남구 이기대공원로 11	부산광역시	남구	129.113717	35.1241579
부영화학	0	부산광역시 강서구 녹산산단261로39번길 6	부산광역시	강서구	128.845429	35.0929597
비노텍(주)	227	경기도 안산시 단원구 해안로 308	경기도	안산시 단원구	126.7905134	37.2961365
비에이치아이(주)	0	경상남도 함안군 군북면 장백로 122	경상남도	함안군 군북면	128.3425918	35.2770028
비에이치아이모로지점	0	경상남도 함안군 군북면 여명로 309	경상남도	함안군 군북면	128.3193175	35.2734237
비에이치아이사천지점	0	경상남도 사천시 사남면 공단1로 116	경상남도	사천시 사남면	128.062916	35.066509
산도브레이크(주)	11868	대구광역시 달성군 논공읍 논공로 438	대구광역시	달성군 논공읍	128.469137	35.735743
삼강엠앤티(주)	25626	경상남도 고성군 동해면 내산3길 51-1	경상남도	고성군 동해면	128.4785703	35.0523527
삼광글라스(주)대구공장	361	대구광역시 달성군 논공읍 논공중앙로 315	대구광역시	달성군 논공읍	128.466163	35.7374156
삼광글라스(주)천안유리공장	0	충청남도 천안시 서북구 입장면 망향로 1112-84	충청남도	천안시 서북구 입장면	127.2359899	36.9085634
삼남석유화학주식회사	0	전라남도 여수시 여수산단로 955	전라남도	여수시	127.7065499	34.8565244
삼명기계공업(주)	5223	경상남도 창원시 성산구 웅남로 324	경상남도	창원시 성산구	128.652337	35.216993
삼보정밀화학공업(주)	1	부산광역시 사상구 학장동 628-2 부산광역시 사상구 학장로 39-37	부산광역시	사상구	128.9738262	35.1375888
삼성SDI울산사업장	787	울산광역시 울주군 삼남면 반구대로 163 삼성SDI	울산광역시	울주군 삼남면	129.0896125	35.5174917
삼성공조(주)	5012	경상남도 창원시 성산구 연덕로 176	경상남도	창원시 성산구	128.66645	35.217351
삼성물산(주)직물부문	4	경상북도 구미시 구미대로 58 제일모직	경상북도	구미시	128.3642114	36.0897117
삼성발레오써멀시스템스(주)	10800	경상남도 창원시 성산구 정동로62번길 28	경상남도	창원시 성산구	128.6855625	35.1950929
삼성에스디아이(주)	0	충청남도 천안시 서북구 번영로 467	충청남도	천안시 서북구	127.11875	36.8433904
삼성에스디아이(주)	0	경상북도 구미시 구미대로 58	경상북도	구미시	128.3642114	36.0897117
삼성전기(주)	0	경기도 수원시 영통구 매영로 150	경기도	수원시 영통구	127.0542726	37.263216
삼성전기(주)부산사업장	0	부산광역시 강서구 녹산산업중로 333	부산광역시	강서구	128.856213	35.095924
삼성전기주식회사	226	세종특별자치시 연동면 삼성길 25 삼성전기	세종특별자치시	연동면	127.3342849	36.5406463
삼성전자(주)하남사업장	0	광주광역시 광산구 하남산단6번로 107	광주광역시	광산구	126.8084828	35.203157
삼성중공업(주)거제조선소	160361	경상남도 거제시 장평3로 80	경상남도	거제시	128.6046025	34.8970284
삼성포리머(주)	0	경기도 안산시 단원구 지원로 15	경기도	안산시 단원구	126.7478251	37.3071291
삼신정밀(주)	0	경상남도 함안군 군북면 함안산단4길 3	경상남도	함안군 군북면	128.321775	35.2921296
삼신화학공업(주)	50	경기도 안산시 단원구 첨단로245번길 58	경기도	안산시 단원구	126.7512844	37.3080043
삼양연마공업(주)분공장	0	경상북도 영천시 본촌공단1길 34	경상북도	영천시	128.9524918	35.9207974
삼양이노켐(주)	789	전라북도 군산시 자유무역1길 133	전라북도	군산시	126.5415149	35.9682807
삼양통상(주)군포공장	56	경기도 군포시 공단로 90	경기도	군포시	126.9508926	37.3524359
삼양화성(주)전주공장	112260	전라북도 전주시 덕진구 온고을로 376	전라북도	전주시 덕진구	127.0875576	35.8486619
삼양화인테크놀로지(주)	325	전북 군산시 자유무역1길 63	전라북도	군산시	126.5412461	35.9622224
삼양화학산업(주)	0	경상남도 양산시 유산공단3길 15	경상남도	양산시	129.0308603	35.3548895
삼양화학실업(주)	226	경기도 시흥시 공단1대로 15	경기도	시흥시	126.7085787	37.3494403
삼영엠텍(주)	0	경상남도 함안군 칠서면 삼칠로 631-35	경상남도	함안군 칠서면	128.4937673	35.3433389
삼영잉크페인트제조(주)	2790	경기도 평택시 포승읍 포승공단로 176	경기도	평택시 포승읍	126.8544198	36.981061
삼우기업(주)	85300	대구광역시 달성군 논공읍 논공중앙로 428	대구광역시	달성군 논공읍	128.475985	35.7433377
삼우스텐레스(주)	50	경기도 시흥시 공단1대로27번길 31	경기도	시흥시	126.710875	37.3506571
삼우중공업	28644	전라남도 광양시 광양읍 율촌산단3로 111 삼우중공업	전라남도	광양시 광양읍	127.5935816	34.9012673
삼원페트라	29	인천광역시 남동구 앵고개로 395	인천광역시	남동구	126.6851046	37.4010601
삼원화학(주)	724	경기도 포천시 소흘읍 초가팔로 22-48	경기도	포천시 소흘읍	127.1464872	37.8230634
삼익THK(주)	0	대구광역시 달서구 성서동로 163	대구광역시	달서구	128.515337	35.835607
삼익THK(주)다산공장	1	경상북도 고령군 다산면 다산산단로 82	경상북도	고령군 다산면	128.389662	35.790483
삼전순약공업주식회사	1535	경기도 평택시 산단로16번길 117	경기도	평택시	127.0812638	37.0352688
삼지금속공업(주)	28	경기도 안산시 단원구 별망로 7	경기도	안산시 단원구	126.7292978	37.3190083
삼진산업(주)	0	인천광역시 남동구 능허대로595번길 18	인천광역시	남동구	126.6800009	37.3935666
삼진전선	1067	충청남도 천안시 동남구 수신면 장산동길 168-37	충청남도	천안시 동남구 수신면	127.3016921	36.744359
삼화비철공업(주)	0	경기도 안산시 단원구 범지기로 147	경기도	안산시 단원구	126.79195	37.3075333
삼화콘덴서공업주식회사	108	경기도 용인시 처인구 남사면 경기동로 227	경기도	용인시 처인구 남사면	127.152604	37.1405999
삼화페인트공업(주)	658	경기도 안산시 단원구 별망로 178	경기도	안산시 단원구	126.7459512	37.3114455
삼화페인트공업(주)	50	충청남도 공주시 탄천면 탄천산업단지길 33-5	충청남도	공주시 탄천면	127.0641814	36.3059575
상신브레이크(주)	60742	대구광역시 달성군 논공읍 논공중앙로33길 10 상신브레이크	대구광역시	달성군 논공읍	128.4546639	35.731825
새빗켐	0	경상북도 김천시 공단로 98	경상북도	김천시	128.1395748	36.1414718
새솔다이아몬드공업(주)	27	경기도 안산시 단원구 신원로91번길 61	경기도	안산시 단원구	126.7570545	37.3160157
서안켐텍(주)	0	경기도 양주시 남면 현석로 833	경기도	양주시 남면	126.9862625	37.8535571
서울화인테크(주)	0	충청남도 아산시 영인면 토정로 412	충청남도	아산시 영인면	126.971063	36.892624
서일전선	0	경기도 동두천시 강변로762번길 15	경기도	동두천시	127.0503242	37.9353868
선영화학(주)청주공장	478	충청북도 청주시 흥덕구 월명로 229	충청북도	청주시 흥덕구	127.453212	36.6544649
성동조선해양(주)	52117	경상남도 통영시 광도면 공단로 940	경상남도	통영시 광도면	128.4265945	34.958747
성림산업(주)	8	경기도 화성시 우정읍 매바위로237번길 45 성림산업	경기도	화성시 우정읍	126.8068313	37.135367
성보공업	23	인천광역시 남구 염전로 255	인천광역시	남구	126.6694791	37.4731591
성보공업(주)	41	인천광역시 서구 장고개로 138	인천광역시	서구	126.6733036	37.4797916
성보화학주식회사(제1공장)	0	경기도 고양시 덕양구 대덕산로 106	경기도	고양시 덕양구	126.86775	37.5806917
성신양회(주)단양공장	0	충청북도 단양군 매포읍 매포길 18	충청북도	단양군 매포읍	128.333199	37.0102597
성안자원	1	경상북도 봉화군 재산면 갈산리 158-2	경상북도	봉화군 재산면	129.0604237	36.8579049
성우산업주식회사	360	경기도 안산시 단원구 산단로20번길 21-13	경기도	안산시 단원구	126.7872241	37.2990352
성우테크론(주)	0	경남 창원시 성산구 창원대로1144번길 55	경상남도	창원시 성산구	128.7056899	35.1916701
성일하이텍(주)	36980	전라북도 군산시 군산산단로 143-15	전라북도	군산시	126.539545	35.9556247
성창기업(주)	97	부산광역시 사하구 다대동 380번지	부산광역시	사하구	128.9749761	35.0522012
성창보드(주)	367	울산광역시 울주군 삼남면 강당로 35	울산광역시	울주군 삼남면	129.0934377	35.519926
성훈경금속(주)	0	경기도 안산시 단원구 해봉로255번길 35	경기도	안산시 단원구	126.7669802	37.3266001
성훈엔지니어링(주)	6	경기도 시흥시 공단1대로379번길 47	경기도	시흥시	126.7424191	37.3326395
세기아케마(주)	242	경상남도 함안군 칠서면 공단동길 10	경상남도	함안군 칠서면	128.4830537	35.3673294
세방산업(주)	335700	광주광역시 광산구 손재로 236	광주광역시	광산구	126.7957739	35.1868521
세방전지(주)	95	경상남도 창원시 성산구 정동로 122	경상남도	창원시 성산구	128.6907173	35.201316
세방전지(주)	363	광주광역시 광산구 하남동 500-4	광주광역시	광산구	126.7936239	35.1899161
세신버팔로주식회사	314	경상남도 함안군 군북면 함안산단2길 9	경상남도	함안군 군북면	128.3173322	35.2908271
세원셀론텍(주)창원지점	0	경상남도 창원시 성산구 공단로 211	경상남도	창원시 성산구	128.647363	35.216485
세원화성(주)	3050	대전광역시 대덕구 대화로52번길 115	대전광역시	대덕구	127.410825	36.3723487
세원화학(주)	2592	경기도 오산시 가장로 621-27	경기도	오산시	127.0443307	37.1602714
세일철강(주)	560	충청남도 아산시 인주면 아산호로 59	충청남도	아산시 인주면	126.925188	36.88984
세종공업(주)	1	울산광역시 북구 효자로 82	울산광역시	북구	129.368775	35.569042
세화금속공업(주)	0	경상북도 고령군 다산면 다산산단로 16	경상북도	고령군 다산면	128.3963883	35.7881312
세화금속공업(주)다산공장	0	경상북도 고령군 다산면 다산산단2길 64	경상북도	고령군 다산면	128.389303	35.7885341
세흥화학공업주식회사	20	경상남도 양산시 산막공단북4길 24	경상남도	양산시	129.0581844	35.3691551
소프트전자	1	경기도 안산시 단원구 산단로35번길 41 소프트전자	경기도	안산시 단원구	126.7807094	37.2996523
솔레니스코리아	27	경상북도 김천시 공단1길 11-48 솔레니스코리아	경상북도	김천시	128.1412121	36.1429717
솔브레인(주)	244	충청남도 공주시 공단길 34-12	충청남도	공주시	127.0748461	36.433072
송강산업(주)	92	충청북도 음성군 삼성면 대성로 547 73	충청북도	음성군 삼성면	127.4951524	37.0131248
송원산업(주)	0	울산광역시 남구 장생포로 83	울산광역시	남구	129.352313	35.5173
신기화학공업(주)	356	경상남도 양산시 소주로 119-44	경상남도	양산시	129.1509	35.4136362
신대한정유산업(주)	60	경기도 화성시 정남면 가장로 334-10	경기도	화성시 정남면	127.0155649	37.1610645
신동아공업사	0	부산광역시 사상구 낙동대로1016번길 65	부산광역시	사상구	128.9758125	35.1507321
신동페인트공업주식회사	28	경기도 안산시 단원구 성곡로 140	경기도	안산시 단원구	126.7589375	37.3217167
신생공업(주)	520	대구광역시 달서구 달서대로 154	대구광역시	달서구	128.501962	35.819167
신생금속공업(주)	0	경기도 시흥시 마유로238번길 113	경기도	시흥시	126.7388638	37.3329758
신신화학공업주식회사	0	경기도 안산시 단원구 동산로27번길 112	경기도	안산시 단원구	126.7893016	37.3223933
신아메드	35	경기도 안성시 보개면 보개원삼로 455-30	경기도	안성시 보개면	127.2878188	37.0430423
신암정유	486	충청남도 예산군 신암면 용산로 82-8	충청남도	예산군 신암면	126.7991979	36.7358033
신양금속공업(주)시화2공장	66	경기도 안산시 단원구 시화로 172	경기도	안산시 단원구	126.7421969	37.3196591
신양금속공업주식회사	4366	경기도 안산시 단원구 시화로 162	경기도	안산시 단원구	126.742948	37.3206148
신원금속(주)	6	경기도 안산시 단원구 산단로 39	경기도	안산시 단원구	126.7845553	37.2998309
신젠타코리아(주)	5	전라북도 익산시 석암로11길 87	전라북도	익산시	127.0101068	35.9467056
신진에스티피(주)	0	충청북도 음성군 맹동면 맹동산단1길 27-5	충청북도	음성군 맹동면	127.5641802	36.9224294
신풍제약(주)	4916	경기도 안산시 단원구 원시로 7	경기도	안산시 단원구	126.7768628	37.2986745
신화실업(주)	0	경기도 안산시 단원구 번영2로 31	경기도	안산시 단원구	126.7384681	37.3241596
쌍용머티리얼(주)	0	대구광역시 달서구 월암동 1-85번지	대구광역시	달서구	128.5086136	35.8315241
쌍용머티리얼(주)포항공장	0	경상북도 포항시 남구 대송로 223	경상북도	포항시 남구	129.372379	36.0007323
쌍용양회공업(주)영월공장	1	강원도 영월군 한반도면 쌍용로 89	강원도	영월군 한반도면	128.3220375	37.1860346
쌍용자동차(주)	0	경기도 평택시 동삭로 455-12	경기도	평택시	127.0952752	37.0282867
씨제이헬스케어(주)대소공장	18	충청북도 음성군 대소면 대소산단로 20	충청북도	음성군 대소면	127.4586577	36.981563
아시아첨가제주식회사	3	경기도 평택시 세교산단로22번길 21	경기도	평택시	127.0822729	37.0096194
아이씨씨	387	경기 안산시 단원구 장자골로 50	경기도	안산시 단원구	126.7649868	37.3112126
아이씨이아이우방(주)	0	경상남도 양산시 유산공단4길 28	경상남도	양산시	129.0320251	35.3598138
아이씨케미칼	5	전라남도 여수시 여수산단4로 80	전라남도	여수시	127.6771728	34.8312844
아이앤에스	1	충북 청주시 흥덕구 옥산면 호죽화산로 172	충청북도	청주시 흥덕구 옥산면	127.379221	36.7101139
아이에스동서(주)진주지점	0	경상남도 진주시 도동로 57	경상남도	진주시	128.1218182	35.1717088
아진일렉트론2공장	396	부산광역시 강서구 녹산산업중로 275	부산광역시	강서구	128.850053	35.093788
아진일렉트론3공장	425	부산광역시 사하구 다산로225번길 19	부산광역시	사하구	128.9534291	35.073035
아토텍코리아(주)	0	경기도 화성시 장안면 장안공단1길 37	경기도	화성시 장안면	126.8395678	37.1120025
알코아코리아주식회사	0	경상남도 창원시 성산구 정동로 48	경상남도	창원시 성산구	128.6859	35.196418
알포메	3596	충청북도 음성군 금왕읍 대금로 1064-10	충청북도	음성군 금왕읍	127.5537399	36.9775975
애경유화(주)울산공장	0	울산광역시 남구 상개로 81	울산광역시	남구	129.3186447	35.4923125
애경화학(주)	501	충남 청양군 정산면 충의로 1547-64	충청남도	청양군 정산면	126.9467071	36.4204231
에너테크인터내셔널(주)	0	충청북도 충주시 충주호수로 269	충청북도	충주시	127.946988	37.017917
에스앤케이항공(주)	257	경상남도 사천시 사남면 공단1로 107	경상남도	사천시 사남면	128.0651444	35.0692684
에스앤티모티브	10307	부산광역시 기장군 철마면 여락송정로 363	부산광역시	기장군 철마면	129.116784	35.3065452
에스엔에프코리아(주)울산공장	632	울산광역시 남구 여천로 215-100	울산광역시	남구	129.353	35.5320417
에스엔티중공업(주)	2	경상남도 창원시 성산구 남면로 599	경상남도	창원시 성산구	128.6775457	35.2087016
에스케이엠씨	0	경기 파주시 적성면 적성산단로 72 에스케이엠씨	경기도	파주시 적성면	126.9094535	37.9675122
에스티엠(주)	4	울산광역시 울주군 삼남면 반구대로 163	울산광역시	울주군 삼남면	129.0896125	35.5174917
에스티팜(주)	3451	경기도 시흥시 정왕동 1241-2	경기도	시흥시	126.7119107	37.3486129
에스티팜(주)반월2공장	3	경기도 안산시 단원구 해안로 171	경기도	안산시 단원구	126.7758639	37.2992522
에스피씨(주)	1590	경기도 평택시 포승읍 평택항만길 386	경기도	평택시 포승읍	126.8350096	36.9809617
에쓰오일인천저유소	445	인천광역시 중구 연안부두로 153	인천광역시	중구	126.5965392	37.44654
에어리퀴드코리아주식회사	0	전라남도 여수시 여수산단2로 263	전라남도	여수시	127.6508776	34.8180734
에이비테크(주)	2	대구광역시 달성군 구지면 달성2차4로 75	대구광역시	달성군 구지면	128.4264564	35.6380903
에이케이켐텍(주)청양공장	22	충청남도 청양군 정산면 충의로 1547-95	충청남도	청양군 정산면	126.947525	36.418618
에이케이켐텍(주)포항공장	31	경상북도 포항시 남구 호동로 25	경상북도	포항시 남구	129.37975	35.9805513
에이티티(주)	0	경기도 안산시 단원구 목내로119번길 92	경기도	안산시 단원구	126.7752233	37.311446
에코플라스틱(주)	250	경북 경주시 공단로57번길 31	경상북도	경주시	129.2191584	35.8770289
에피디어	92	경기도 시흥시 경제로 297	경기도	시흥시	126.7263975	37.326009
엔에이치케미칼(주)	2537	울산광역시 울주군 청량면 상개로 63-75	울산광역시	울주군 청량면	129.3152482	35.4884795
엘에스니꼬동제련(주)	64	울산광역시 울주군 온산읍 산암로 148	울산광역시	울주군 온산읍	129.349968	35.4361743
엘에스메탈(주)부산사업장	9	부산광역시 강서구 화전산단5로117번길 35	부산광역시	강서구	128.8752	35.1113321
엘에스엠트론(주)안양공장	10	경기도 안양시 동안구 엘에스로116번길 39	경기도	안양시 동안구	126.9498432	37.3738473
엘에스전선(주)	0	경상북도 구미시 수출대로 228	경상북도	구미시	128.3896303	36.1106696
엘에스전선(주)	1	경상북도 구미시 3공단2로 238	경상북도	구미시	128.4085753	36.1010893
엘에스전선(주)동해	0	강원도 동해시 대동로 215	강원도	동해시	129.1200654	37.4907268
엘지전자(주)1공장	0	경상북도 구미시 수출대로 168	경상북도	구미시	128.3836326	36.1103773
엠씨엠	0	부산광역시 강서구 미음산단3로 37	부산광역시	강서구	128.8580433	35.1478397
엠알씨2공장	0	전라남도 광양시 제철로 2148-33	전라남도	광양시	127.7654547	34.9290507
엠에스씨	2	인천광역시 남동구 남동서로 75	인천광역시	남동구	126.6841185	37.397949
엠이엠씨코리아주식회사	0	충청남도 천안시 서북구 성거읍 망향로 854	충청남도	천안시 서북구 성거읍	127.21055	36.8912237
엠케이켐앤텍오창공장	0	충청북도 청원군 오창읍 양청송대길 28	충청북도	청주시 청원구 오창읍	127.440317	36.7133907
여천NCC(주)여수1공장	14837	전라남도 여수시 여수산단3로 2	전라남도	여수시	127.6776673	34.8197756
여천NCC(주)여수2공장	3989	전라남도 여수시 여수산단2로 46-20	전라남도	여수시	127.6653385	34.8095189
여천NCC(주)여수3공장	560	전라남도 여수시 여수산단2로 220-62	전라남도	여수시	127.6579741	34.8177311
영림임업(주)	1	인천광역시 남동구 호구포로 9	인천광역시	남동구	126.6967979	37.3868186
영림임업(주)2공장	1	인천광역시 남동구 앵고개로 630	인천광역시	남동구	126.7078027	37.3894616
영림화학(주)	276	인천광역시 서구 봉수대로 131	인천광역시	서구	126.6601625	37.4875346
영신금속공업(주)	36	경기도 평택시 포승읍 포승공단로118번길 118	경기도	평택시 포승읍	126.8528823	36.9708149
영신정공(주)	29953	경상북도 경주시 천북면 오야리 408 번지 한백길	경상북도	경주시 천북면	129.2515534	35.9313681
영신정공(주)화산공장	21598	경상북도 경주시 천북면 화산공단길 247-90	경상북도	경주시 천북면	129.2699704	35.933822
영진약품공업(주)전주공장	5182	전라북도 완주군 봉동읍 완주산단5로 21	전라북도	완주군 봉동읍	127.1191953	35.9463366
영진폴리캠(주)	0	경기도 김포시 양촌읍 학운공단로 39	경기도	김포시 양촌읍	126.5860626	37.6031726
영진화학공업(주)	2326	대구광역시 달서구 성서서로 131	대구광역시	달서구	128.498912	35.836849
영풍전자(주)	34	경기도 안산시 단원구 범지기로141번길 62	경기도	안산시 단원구	126.7951644	37.3109968
영화금속(주)	2	경상남도 창원시 진해구 남의로 57	경상남도	창원시 진해구	128.7875171	35.1154216
영화금속(주)제2공장	22	경상남도 창원시 진해구 남영로552번길 15	경상남도	창원시 진해구	128.783187	35.1203701
영흥철강주식회사	0	경상남도 창원시 신촌동 71-1번지	경상남도	창원시 성산구	128.6445055	35.2182574
예일산업(주)	11	경상북도 구미시 고아읍 농공단지길 36-17	경상북도	구미시 고아읍	128.3273625	36.2164346
오덱(주)온산공장	0	울산광역시 울주군 온산읍 공단로 341	울산광역시	울주군 온산읍	129.3374071	35.4330208
오드펠터미널코리아(주)	399	울산광역시 울주군 온산읍 당월로 594 오드펠터미널코리아	울산광역시	울주군 온산읍	129.3474555	35.4564595
오성화학공업주식회사	1	인천광역시 남동구 청능대로 387	인천광역시	남동구	126.702053	37.3994689
오케이주식회사	0	인천광역시 남동구 능허대로559번길 61	인천광역시	남동구	126.6771783	37.3975371
온산탱크터미널(주)	247	울산광역시 울주군 온산읍 산암로 234	울산광역시	울주군 온산읍	129.3542142	35.4362097
와이엠티주식회사	3	인천광역시 남동구 고잔동 670-10남동공단2단지91블럭11롯트 인천광역시 남동구 남동동로 153번길 30 고잔동 공단91-11	인천광역시	남동구	126.6981798	37.3993603
와이피티(주)	337	경기도 안산시 단원구 신원로 147	경기도	안산시 단원구	126.7537281	37.3140892
용산미쓰이화학	1341	울산광역시 남구 사평로 32	울산광역시	남구	129.3276814	35.4903296
용산화학	221	울산광역시 남구 사평로 32	울산광역시	남구	129.3276814	35.4903296
우리조명(주)	6	경기도 안산시 단원구 성곡로 79	경기도	안산시 단원구	126.7551425	37.3165023
우진산업(주)	77	전라북도 군산시 자유로 233-109	전라북도	군산시	126.5802451	35.9583733
우창실업(주)	42	충청남도 서산시 지곡면 빗돌머리길 2-24	충청남도	서산시 지곡면	126.4458	36.90664
욱성화학주식회사	0	부산광역시 금정구 개좌로 174	부산광역시	금정구	129.119188	35.226026
울산아로마틱스(주)	2113	울산광역시 남구 신여천로 2	울산광역시	남구	129.35335	35.507208
원강금속(주)	0	충청남도 홍성군 갈산면 내포로 1607-56	충청남도	홍성군 갈산면	126.5397804	36.6314011
웨이브일렉트로닉스	0	경기 평택시 포승읍 평택항로268번길 142 웨이브일렉트로닉스	경기도	평택시 포승읍	126.8507835	36.9851603
유노테크(주)	26	경기도 안산시 단원구 만해로229번길 20	경기도	안산시 단원구	126.7647947	37.3233964
유니켐	23	경기도 안산시 단원구 해봉로 38	경기도	안산시 단원구	126.7597874	37.3069547
유성기업(주)	871	충청남도 아산시 둔포면 운용리 279-47 충청남도 아산시 둔포면 아산밸리동로 22	충청남도	아산시 둔포면	127.065958	36.9354786
유성기업(주)영동공장	82	충청북도 영동군 용산면 용산공단길 64	충청북도	영동군 용산면	127.8452125	36.25745
유성네오테크(주)	1	경상남도 창원시 의창구 남면로 125	경상남도	창원시 의창구	128.636863	35.223101
유성씨앤에프(주)	139	강원 원주시 우산공단길 8-33 유성씨앤에프	강원도	원주시	127.942975	37.377307
유스켐(주)	2350	전라북도 익산시 석암로1길 78	전라북도	익산시	127.0021088	35.9559031
유승건기산업(주)	0	경남 양산시 덕명로 165	경상남도	양산시	129.165326	35.3830879
유신메라민공업(주)	428	경기도 안산시 단원구 산단로67번길 150	경기도	안산시 단원구	126.7713721	37.3066866
유신포장공업(주)	13000	경상북도 영천시 본촌공단1길 21	경상북도	영천시	128.951725	35.9196596
유진데코	233	인천광역시 남동구 남동동로33번길 28-12	인천광역시	남동구	126.691911	37.3900387
유한회사디알텍	30	경기도 수원시 영통구 매영로159번길 19	경기도	수원시 영통구	127.0601094	37.266324
윤진산업(주)	340	경기도 안산시 단원구 시우로 70	경기도	안산시 단원구	126.8022959	37.3046225
율촌화학(주)연포장2공장	0	경기도 안산시 단원구 원시로 143	경기도	안산시 단원구	126.7823046	37.3104288
이건산업(주)	0	인천광역시 남구 염전로 91	인천광역시	남구	126.6565522	37.4829703
이니스트에스티	15448	충청북도 음성군 금왕읍 신내로 500	충청북도	음성군 금왕읍	127.5322092	36.9823319
이수씨엔피	0	경기도 고양시 덕양구 덕은로 110	경기도	고양시 덕양구	126.8743812	37.5804646
이수화학(주)울산공장	209	울산광역시 남구 사평로 108-224	울산광역시	남구	129.3319809	35.4928209
이영산업기계(주)	29	울산광역시 울주군 온산읍 산암로 364	울산광역시	울주군 온산읍	129.3662597	35.4340102
이오에스(주)	843	인천광역시 남동구 남동대로215번길 103	인천광역시	남동구	126.6918038	37.4064181
이일산업(주)	40	전라남도 여수시 삼동로 27-9	전라남도	여수시	127.6534188	34.8001717
이화다이아몬드공구(주)	16	충청북도 청원군 옥산면 오산가좌로 415-13	충청북도	청주시 흥덕구 옥산면	127.3615194	36.6937073
이화요업(주)	0	경상남도 함양군 함양읍 쟁피길 10 쟁피길10	경상남도	함양군 함양읍	127.773711	35.530652
이화팜텍(주)	0	경기도 파주시 문산읍 돈유3로 80	경기도	파주시 문산읍	126.8151872	37.8624172
인성산업(주)	153	울산광역시 남구 납도로 64	울산광역시	남구	129.358488	35.513825
인성산업(주)	7527	전라남도 여수시 산단중앙로 181	전라남도	여수시	127.6560236	34.8277016
인지에이엠티(주)	1	충청남도 당진시 송악읍 부곡공단4길 28-156	충청남도	당진시 송악읍	126.7783414	36.9525794
인천화학(주)	2	인천광역시 서구 건지로 98-21	인천광역시	서구	126.6538052	37.4974436
일동제약(주)청주공장	14270	충청북도 청주시 흥덕구 공단로98번길 53	충청북도	청주시 흥덕구	127.4418666	36.6408699
일신금속공업(주)	7	경기도 안산시 단원구 강촌로139번길 91	경기도	안산시 단원구	126.7688486	37.3228944
일양화학(주)	195	전라남도 여수시 여수산단2로 14	전라남도	여수시	127.6581783	34.8012809
일진Materials(주)	0	전라북도 익산시 석암로3길 63-25	전라북도	익산시	127.0032629	35.9532412
일흥합성공업(주)	35	전라북도 익산시 서동로 576	전라북도	익산시	127.0084021	35.9488954
입시화학(주)	2	경기도 안산시 단원구 산단로19번길 104	경기도	안산시 단원구	126.7733613	37.3011058
자화전자(주)	1	충청북도 청원군 북이면 충청대로 1217	충청북도	청주시 청원구 북이면	127.5470164	36.7510272
재원산업(주)	29	전라남도 여수시 낙포단지길 79	전라남도	여수시	127.7620499	34.8634268
전영화전(주)	7	경기도 안산시 단원구 강촌로 90 성곡동 637-1	경기도	안산시 단원구	126.7586872	37.3176699
정광테크(주)	8	광주광역시 광산구 손재로 436-9	광주광역시	광산구	126.7962564	35.2050653
정광하이텍(주)	13	광주광역시 광산구 하남산단3번로 14-26	광주광역시	광산구	126.7993401	35.1884479
정도이앤피주식회사	0	경기도 안산시 단원구 범지기로141번길 9	경기도	안산시 단원구	126.7913625	37.3083333
정우화인(주)	1023	전라북도 익산시 석암로1길 63-8	전라북도	익산시	127.0008947	35.9557459
정화폴리테크공업(주)	0	경기도 시흥시 경제로 95	경기도	시흥시	126.7082541	37.3370497
제이더블유중외제약주식회사	720	경기도 시흥시 경제로 56	경기도	시흥시	126.7043376	37.3385667
제이에이치화학공업(주)	0	경상북도 김천시 어모면 산업단지1로 83	경상북도	김천시 어모면	128.1227876	36.157643
제이피아이헬스케어(주)	0	경기도 안산시 단원구 성곡로22번길 43	경기도	안산시 단원구	126.758587	37.3104082
제일모피(주)	35	경기도 안산시 단원구 산단로163번길 129	경기도	안산시 단원구	126.7858543	37.3203056
제일약품(주)	6391	경기도 용인시 처인구 백암면 청강가창로 7	경기도	용인시 처인구 백암면	127.3690977	37.1775481
제일연마공업(주)	9	경상북도 포항시 남구 대송로101번길 34	경상북도	포항시 남구	129.3646125	35.9930929
제일화학(주)	897	경기도 안성시 대덕면 만세로 167-10 제일화학	경기도	안성시 대덕면	127.2298398	37.0315381
조광요턴(주)	197	부산광역시 강서구 과학산단1로 96	부산광역시	강서구	128.8245304	35.1435312
조광페인트(주)부산공장	103	부산광역시 사상구 삼덕로5번길 148	부산광역시	사상구	128.9799349	35.1810106
조광페인트(주)음성공장	84	충청북도 음성군 대소면 대풍산단로 58	충청북도	음성군 대소면	127.4654535	36.9732092
조광피혁(주)	0	충청북도 청주시 흥덕구 공단로126번길 97	충청북도	청주시 흥덕구	127.4429003	36.6424965
조선내화(주)	1	경상북도 포항시 남구 괴동로 114	경상북도	포항시 남구	129.376617	35.9886704
조선내화(주)광양공장	79	전라남도 광양시 산업로 55	전라남도	광양시	127.7512937	34.9348426
조선선재온산(주)2공장	314	울산광역시 울주군 온산읍 화산리 323번지 화산2길 34-13	울산광역시	울주군 온산읍	129.3340128	35.4263065
조인셋(주)	11	경기도 안산시 단원구 해안로 329	경기도	안산시 단원구	126.7923015	37.2985131
조일알미늄(주)	0	경상북도 경산시 진량읍 공단6로 98 신상리 1207-10	경상북도	경산시 진량읍	128.825263	35.868057
존슨매티카탈리스트	0	경기도 화성시 장안면 장안공단6길 49 없음	경기도	화성시 장안면	126.8371144	37.111277
주)DTR	2255	경상남도 진주시 이반성면 진마대로2498번길 11	경상남도	진주시 이반성면	128.3241579	35.1478172
주)백산금속	4	부산광역시 금정구 동천로7번길 79	부산광역시	금정구	129.1234735	35.2300558
주)보광안성공장	140	경기도 안성시 미양면 안성맞춤대로 667	경기도	안성시 미양면	127.2588546	36.9770041
주)지에이산업	4	경상남도 사천시 사남면 공단4로 183	경상남도	사천시 사남면	128.0471707	35.0617832
주)티에스씨고려	3	충청북도 음성군 생극면 생삼로 143-22	충청북도	음성군 생극면	127.5828931	37.020358
주)티에스피에스	0	전라북도 완주군 봉동읍 완주산단5로 248 TSPS	전라북도	완주군 봉동읍	127.1404107	35.9480823
주식회사 동성티씨에스	344	경상남도 김해시 진례면 고모로 81 134 번길	경상남도	김해시 진례면	128.7684733	35.2353415
주식회사 동성티씨에스	101160	충북 청주시 청원구 오창읍 화복로 858-24	충청북도	청주시 청원구 오창읍	127.4311322	36.7463966
주식회사 전영	2	전북 군산시 외항로 970	전라북도	군산시	126.5651105	35.9552328
주식회사 팜한농 울산공장	93	울산광역시 남구 납도로 156	울산광역시	남구	129.3632112	35.5191108
주식회사나노켐	148	경상북도 청도군 청도읍 월곡2길 49	경상북도	청도군 청도읍	128.7552765	35.6307153
주식회사대륙공업	0	경기도 동두천시 강변로702번길 43-37	경기도	동두천시	127.0513389	37.9313883
주식회사덕양울산3공장	471	울산광역시 남구 용잠로 161 주식회사 덕양 울산광역시 3공장	울산광역시	남구	129.3540166	35.4941584
주식회사동남합성	14	충남 서산시 대산읍 죽엽로 413-97 주식회사 동남합성 대산공장	충청남도	서산시 대산읍	126.3837158	37.0054699
주식회사바커케미칼코리아	7556	울산광역시 남구 용연로 34	울산광역시	남구	129.3552539	35.486339
주식회사삼녹	939	경상남도 거제시 연초면 오비4길 54	경상남도	거제시 연초면	128.6136722	34.9199304
주식회사성창	8	경기도 시흥시 옥구천서로93번길 3	경기도	시흥시	126.7073875	37.3354154
주식회사세아창원특수강	11579	경남 창원시 성산구 적현로 147	경상남도	창원시 성산구	128.6049	35.203301
주식회사신흥정기	53	부산광역시 사하구 다산로 241	부산광역시	사하구	128.9543152	35.0740206
주식회사신흥정밀	4770	경기도 안성시 서운면 제3공단3길 53	경기도	안성시 서운면	127.2692639	36.971775
주식회사쎄니트	3980	경상남도 의령군 의령읍 구룡로4남길 53	경상남도	의령군 의령읍	128.2766719	35.316363
주식회사에스디비	658	경기도 안산시 단원구 엠티브이5로 37	경기도	안산시 단원구	126.761875	37.2987043
주식회사에스엔엔씨	6	전라남도 광양시 제철로 2148-139	전라남도	광양시	127.7643195	34.9187446
주식회사에이아이디	3	인천광역시 남동구 남동동로198번길 21	인천광역시	남동구	126.7034961	37.4016782
주식회사웅빈	1	경기도 파주시 조리읍 명봉산로114번길 29	경기도	파주시 조리읍	126.846528	37.7379492
주식회사위스컴시화공장	44	경기도 시흥시 옥구천서로185번길 13	경기도	시흥시	126.7123536	37.3425493
주식회사지알엠	54	충청북도 단양군 매포읍 매포농공단지로 260	충청북도	단양군 매포읍	128.3372422	37.0411482
주식회사천보	4163	충청북도 충주시 주덕읍 중원산업로 312	충청북도	충주시 주덕읍	127.7515883	37.0073333
주식회사카프로	1488	울산광역시 남구 사평로 108-12	울산광역시	남구	129.3288562	35.4949623
주식회사케이에스엠	0	경기도 김포시 대곶면 소래로 71	경기도	김포시 대곶면	126.574538	37.654124
주식회사케이이씨	0	경상북도 구미시 수출대로 41	경상북도	구미시	128.3690732	36.1135207
주식회사코센	0	전라북도 부안군 행안면 부안농공단지길 29	전라북도	부안군 행안면	126.7207328	35.7410112
주식회사태원니들	17540	부산 사상구 사상로469번길 76	부산광역시	사상구	128.983575	35.18746
주식회사퍼스트칼라	74	경기도 시흥시 공단1대로28번길 70	경기도	시흥시	126.703495	37.3435246
주식회사화승소재	1183	경상남도 양산시 유산공단2길 11	경상남도	양산시	129.0310129	35.3515478
주식회사효성용연2공장	1273	울산광역시 남구 처용로487번길 65	울산광역시	남구	129.3532529	35.4831573
주영산업주식회사	0	경상남도 양산시 유산공단11길 36 주영산업주식회사	경상남도	양산시	129.0306056	35.37425
주원특수강(주)	0	경상남도 창원시 진해구 남영로544번길 54	경상남도	창원시 진해구	128.7877	35.11844
주원특수강(주)	0	경상남도 창원시 진해구 두동로 11-18	경상남도	창원시 진해구	128.7926797	35.1227262
중부에스켐(주)	4	충청남도 아산시 영인면 장영실로 681	충청남도	아산시 영인면	126.9853243	36.8989008
중앙피엔피	0	인천광역시 남동구 남동서로270번길 73	인천광역시	남동구	126.7001403	37.4119094
지금강제1공장	20	광주광역시 광산구 도천동 620-2	광주광역시	광산구	126.8147508	35.2151593
지에스에코메탈주식회사	51	울산광역시 울주군 온산읍 화산1길 75-34	울산광역시	울주군 온산읍	129.3376087	35.4276884
지에스이엠주식회사	10	전라북도 익산시 보석로4길 69	전라북도	익산시	126.9774523	35.9427611
지큐피앤씨(주)	6	경기도 안성시 미양면 제2공단1길 16	경기도	안성시 미양면	127.2660116	36.9782716
진명홈바스(주)	8	경기도 안산시 단원구 동산로27번길 96	경기도	안산시 단원구	126.7904107	37.3201445
진양산업(주)	223	경상남도 양산시 유산공단7길 42-1	경상남도	양산시	129.029883	35.3628829
진양폼테크주식회사	159	경상남도 김해시 진례면 서부로476번길 34	경상남도	김해시 진례면	128.7470669	35.2616289
진양화학(주)	44	울산광역시 남구 장생포로 93	울산광역시	남구	129.35495	35.5175833
진주산업(주)	0	충청북도 청주시 청원구 북이면 신대석성로 245	충청북도	청주시 청원구 북이면	127.52012	36.7463374
진흥철강(주)	0	경상남도 양산시 어실로 119	경상남도	양산시	129.0277002	35.371746
천일페인트(주)	28	경기도 양주시 화합로1325번길 333	경기도	양주시	127.0702	37.8499404
천지산업주식회사	37890	경기도 여주군 가남면 은봉리 233-1	경기도	여주시 가남읍	127.5642891	37.1861309
첨단메탈코팅(주)	8000	경기도 평택시 세교산단로 15	경기도	평택시	127.0795335	37.0091217
츄고쿠삼화페인트(주)	15	경남 김해시 한림면 김해대로927번길 322	경상남도	김해시 한림면	128.8010625	35.3049667
칼소닉칸세이코리아주식회사	0	경상남도 김해시 한림면 고모로 800	경상남도	김해시 한림면	128.7802	35.2932167
캐스코주식회사	1	전라북도 정읍시 북면 3산단1길 24	전라북도	정읍시 북면	126.9084433	35.6106877
캐터필라정밀씰(주)	201	경기도 평택시 세교산단로 50-13	경기도	평택시	127.0839702	37.0117817
케이디켐(주)안산지점	0	경기도 안산시 단원구 해안로 234	경기도	안산시 단원구	126.7822777	37.2957844
케이씨에코에너지(주)	306	전라북도 전주시 덕진구 서귀로 211-6	전라북도	전주시 덕진구	127.0767148	35.8555872
케이씨환경서비스(주)	0	전라남도 여수시 진달래길 310-73	전라남도	여수시	127.7300479	34.8484838
케이알코폴리머	457	전라남도 여수시 산단중앙로 434	전라남도	여수시	127.6790606	34.8321302
케이에스씨비(주)	20	경상남도 양산시 두전길 94	경상남도	양산시	129.0287747	35.386703
케이에스케미칼주식회사	9	울산광역시 울주군 온산읍 화산3길 12	울산광역시	울주군 온산읍	129.33527	35.4250051
케이엔케이코팅스(주)	23	경기도 평택시 포승읍 포승공단로 152 케이엔케이코팅스	경기도	평택시 포승읍	126.852074	36.9806547
케이엠피(주)	546	충청남도 아산시 둔포면 해위안길 108	충청남도	아산시 둔포면	127.0285165	36.8955569
케이이티솔루션(주)	43	경기 파주시 파주읍 돈유1로 22 케이이티솔루션	경기도	파주시 파주읍	126.8038268	37.8544468
케이지이티에스(주)	519	경기 시흥시 소망공원로 5 시화공단 1다 106호	경기도	시흥시	126.7048423	37.3461693
케이지케미칼(주)	1	울산광역시 울주군 온산읍 당월로 322 케이지케미칼	울산광역시	울주군 온산읍	129.3557072	35.4340434
코리아니켈(주)	0	울산광역시 울주군 온산읍 공단로 318	울산광역시	울주군 온산읍	129.338408	35.4320552
코스모화학(주)	0	울산광역시 울주군 온산읍 원봉로 55	울산광역시	울주군 온산읍	129.3439069	35.4190894
코오롱글로텍(주)구미공장	311	경상북도 구미시 1공단로6길 166	경상북도	구미시	128.3761907	36.085854
코오롱생명과학(주)	980	충청북도 음성군 대소면 대동로530번길 11-16	충청북도	음성군 대소면	127.5212204	36.9527316
코오롱생명과학(주)김천공장	3198	경상북도 김천시 공단로 238	경상북도	김천시	128.1276313	36.1492126
코오롱생명과학(주)김천제2공장	65	경상북도 김천시 어모면 산업단지2로 77	경상북도	김천시 어모면	128.1254442	36.1633975
코오롱생명과학주식회사충주공장	178355	충청북도 충주시 대소원면 기업도시1로 54	충청북도	충주시 대소원면	127.8298798	36.9986771
코오롱인더스트리(주)구미공장	1256	경상북도 구미시 수출대로 48	경상북도	구미시	128.3749856	36.1029792
코오롱인더스트리(주)김천2공장	1673	경상북도 김천시 공단로 128	경상북도	김천시	128.1387373	36.1457214
코오롱인더스트리(주)김천공장	12	경상북도 김천시 공단로 238	경상북도	김천시	128.1276313	36.1492126
코오롱인더스트리(주)대산공장	665	충청남도 서산시 대산읍 대죽1로 100 코오롱인더스트리	충청남도	서산시 대산읍	126.4113268	36.9966896
코오롱인더스트리(주)울산공장	402	울산광역시 남구 사평로 33	울산광역시	남구	129.3251233	35.4921418
코오롱인더스트리(주)인천공장	21	인천광역시 서구 백범로 680	인천광역시	서구	126.6811473	37.4818883
코오롱인더스트리주식회사여수공장	389	전라남도 여수시 산단중앙로 213	전라남도	여수시	127.6582486	34.825738
코오롱플라스틱(주)	609	경상북도 김천시 응명동 1018번지	경상북도	김천시	128.1317233	36.1528209
코텍성주공장	320	경상남도 창원시 성산구 창원대로1144번길 48	경상남도	창원시 성산구	128.7049136	35.1926636
콘티넨탈오토모티브시스템(주)	0	경기도 이천시 사음로 45-29	경기도	이천시	127.4171864	37.3002008
콘티넨탈오토모티브일렉트로닉스유한회사	0	세종특별자치시 부강면 금호선말길 74-7	세종특별자치시	부강면	127.3622875	36.4981096
콜마파마	40	충청북도 제천시 바이오밸리2로 93	충청북도	제천시	128.1720976	37.152328
타운마이닝캄파니(주)	22	경상북도 구미시 1공단로 216	경상북도	구미시	128.38715	36.1014487
타이코에이엠피유한회사	0	경상북도 경산시 진량읍 공단1로 68	경상북도	경산시 진량읍	128.8266925	35.8736326
타코마테크놀러지(주)	6421	충청남도 논산시 노성면 논산평야로 1168	충청남도	논산시 노성면	127.1145233	36.2546089
태광산업(주)석유화학1공장	0	울산광역시 남구 신여천로 154	울산광역시	남구	129.356475	35.52175
태광산업(주)석유화학3공장	1136	울산광역시 남구 부곡로 68	울산광역시	남구	129.3354634	35.5030035
태광산업(주)울산공장	2204	울산광역시 남구 산업로 304	울산광역시	남구	129.3382617	35.5117415
태광정밀화학(주)	65	경기도 시흥시 경제로 82 시화공단 1마 401호	경기도	시흥시	126.7065678	37.3371196
태광정밀화학(주)	101	전라북도 군산시 가도로 130-18	전라북도	군산시	126.5697072	35.9572007
태양금속공업주식회사	27	경기도 안산시 단원구 해봉로 212	경기도	안산시 단원구	126.7668375	37.3215417
태양합성(주)	58	인천광역시 남동구 남동대로79번길 34	인천광역시	남동구	126.6880625	37.3947987
태양합성(주)제2공장	7	인천광역시 남동구 남동대로79번길 19	인천광역시	남동구	126.6881606	37.3938876
태영화학공업(주)	70	경기도 양주시 남면 휴암로284번길 403-79	경기도	양주시 남면	126.9768617	37.8771794
태창산업(주)구미지점	7	경상북도 구미시 산호대로 127	경상북도	구미시	128.3848159	36.0948361
태창정공(주)	28	부산광역시 강서구 녹산산단261로14번길 51	부산광역시	강서구	128.8516125	35.0906237
테코스(주)	47	경기도 안산시 단원구 산단로163번길 97-18	경기도	안산시 단원구	126.7854607	37.3176551
토다이수(주)	2	강원도 원주시 문막읍 문막공단길 236	강원도	원주시 문막읍	127.8078	37.297792
툴리스러쎌코터스코리아(주)	0	경기도 안산시 단원구 진흥로38번길 8	경기도	안산시 단원구	126.7383507	37.3108862
티씨케이텍스타일(주)	99	경상북도 구미시 1공단로4길 141-11	경상북도	구미시	128.3724292	36.0913139
파미셀(주)케미컬사업부문	47	울산광역시 울주군 온산읍 석당길 8	울산광역시	울주군 온산읍	129.3333074	35.4379117
평택산업(주)	10	경기도 평택시 오성면 서동대로 2087-5	경기도	평택시 오성면	126.9739793	37.0084507
평화발레오다산공장	9382	경상북도 고령군 다산면 다산산단로 228	경상북도	고령군 다산면	128.3756646	35.7960591
평화산업(주)	1414	대구광역시 달성군 논공읍 논공로 597	대구광역시	달성군 논공읍	128.459338	35.738418
평화오일씰공업(주)제3공장	9350	대구광역시 달성군 논공읍 논공중앙로 407	대구광역시	달성군 논공읍	128.473187	35.74351
포스코강판(주)	5	경상북도 포항시 남구 철강로 173	경상북도	포항시 남구	129.3617514	35.988796
포스코강판(주)	0	경상북도 포항시 남구 대송로 243	경상북도	포항시 남구	129.3752318	36.0007063
포스코에너지(주)연료전지	0	경상북도 포항시 북구 흥해읍 영일만산단로88번길 154 포스코에너지	경상북도	포항시 북구 흥해읍	129.4160063	36.0928212
포우산업	161	경상북도 포항시 남구 동해안로 6262	경상북도	포항시 남구	129.3826367	35.9986201
포항세라믹(주)	0	경상북도 포항시 북구 송라면 대전길 97-59	경상북도	포항시 북구 송라면	129.3587316	36.2499313
폴린트컴포지트코리아(주)	2827	전라북도 완주군 봉동읍 완주산단4로 51	전라북도	완주군 봉동읍	127.1223593	35.9423676
풍림유화공업(주)	220	경기도 안산시 단원구 산단로35번길 17	경기도	안산시 단원구	126.783042	37.299378
풍산특수금속(주)	0	인천광역시 계양구 아나지로 157	인천광역시	계양구	126.7089863	37.5262691
풍원화학(주)	16	경기도 안산시 단원구 해봉로255번길 20	경기도	안산시 단원구	126.7682179	37.3262999
풍천실업(주)	1425	충청북도 음성군 삼성면 덕호로 268	충청북도	음성군 삼성면	127.508243	37.0374792
피케이밸브(주)	1224	경상남도 창원시 성산구 공단로 80	경상남도	창원시 성산구	128.634963	35.21121
피피지에스에스씨(주)	0	울산광역시 남구 여천로217번길 19	울산광역시	남구	129.368606	35.5257118
하이에어코리아의장(주)	1867	경상남도 고성군 거류면 거류로 376-48	경상남도	고성군 거류면	128.3910035	34.9679109
하이젠모터(주)	1697	경상남도 창원시 성산구 공단로473번길 57	경상남도	창원시 성산구	128.6728792	35.2085768
하이즈항공(주)진주공장	28	경남 진주시 정촌면 산업로111번길 18	경상남도	진주시 정촌면	128.1072694	35.1266191
하이트진로산업(주)진주공장	0	경상남도 진주시 도동로 58	경상남도	진주시	128.1246641	35.1737483
하이호경금속주식회사	6	전라북도 군산시 새만금북로 133	전라북도	군산시	126.551187	35.9474101
한국경남태양유전(주)	87	경상남도 사천시 사남면 외국기업로 82	경상남도	사천시 사남면	128.0621943	35.063444
한국교세라정공(주)	6953	인천광역시 남동구 남동대로215번길 11 남동공단 69BL 2LT	인천광역시	남동구	126.6963255	37.4038553
한국내화(주)	4	충청남도 당진시 송산면 무수들길 370 한국내화	충청남도	당진시 송산면	126.6729145	36.9750573
한국다우코닝(주)	0	충청북도 진천군 광혜원면 광혜원산단길 24	충청북도	진천군 광혜원면	127.439049	36.9796718
한국로스트왁스(주)	251	경기도 안산시 단원구 시화로 220	경기도	안산시 단원구	126.7394892	37.3154615
한국몰렉스(유)	12	경기도 안산시 단원구 산단로 169	경기도	안산시 단원구	126.789322	37.3108547
한국바스프(주)여수공장	42	전라남도 여수시 여수산단2로 284	전라남도	여수시	127.6515041	34.8187572
한국바스프(주)울산화성공장	698	울산광역시 남구 신여천로 27	울산광역시	남구	129.3432093	35.5175948
한국바이린(주)	425	경기도 평택시 오성면 청오로 367-61	경기도	평택시 오성면	126.9573489	37.0294719
한국분말야금(주)	0	충청남도 아산시 인주면 인주산단로 111	충청남도	아산시 인주면	126.8797224	36.8803604
한국산노프코(주)	1	경기도 평택시 서탄면 수월암4길 175	경기도	평택시 서탄면	127.0317062	37.133372
한국서부발전(주)태안발전본부	0	충청남도 태안군 원북면 발전로 447-40	충청남도	태안군 원북면	126.2310175	36.8981563
한국석유공업(주)울산공장	0	울산광역시 남구 처용로 91	울산광역시	남구	129.345075	35.511133
한국선재주식회사	47	부산광역시 사하구 하신번영로 27	부산광역시	사하구	128.95935	35.085257
한국스기야마(주)	5863	경상남도 양산시 소주공단7길 40	경상남도	양산시	129.1467635	35.4158617
한국스미더스오아시스(주)	2	충청남도 천안시 서북구 입장면 용정도하길 183 한국스미더스오아시스	충청남도	천안시 서북구 입장면	127.1872074	36.9246634
한국쓰리엠(주)	160	전라남도 나주시 문평면 옥당리 91	전라남도	나주시 문평면	126.6311766	35.0205744
한국씨엠비(주)창원공장	0	경상남도 창원시 의창구 반계로 29	경상남도	창원시 의창구	128.610413	35.249068
한국알프스(주)	0	광주광역시 광산구 하남산단5번로 33	광주광역시	광산구	126.799275	35.197643
한국야금(주)	81	충청북도 진천군 광혜원면 광혜원산단2길 54	충청북도	진천군 광혜원면	127.4374752	36.9828456
한국엔지니어링플라스틱주식회사	294	울산광역시 남구 장생포고래로 84	울산광역시	남구	129.366113	35.505242
한국오므론전장(주)	0	경기도 안성시 보개면 보개원삼로 790-12	경기도	안성시 보개면	127.3042218	37.0681886
한국오바라(주)	0	경기도 화성시 향남읍 발안공단로4길 97-23	경기도	화성시 향남읍	126.9006335	37.0817859
한국오츠카제약주식회사	0	경기도 화성시 향남읍 제약공단3길 27	경기도	화성시 향남읍	126.903538	37.094465
한국우에무라(주)	0	경기도 화성시 장안면 장안공단6길 46	경기도	화성시 장안면	126.8384978	37.1122582
한국유미코아(유)	5	충청남도 천안시 서북구 3공단2로 71	충청남도	천안시 서북구	127.1138	36.8372737
한국유미코아신소재	20	충청남도 천안시 서북구 3공단6로 58-9 한국유미코아신소재	충청남도	천안시 서북구	127.1042662	36.8401998
한국이네오스스티롤루션(주)	2727	울산광역시 남구 상개로 143	울산광역시	남구	129.3172946	35.4982783
한국지엠(주)군산공장	0	전라북도 군산시 자유로 34	전라북도	군산시	126.600651	35.9662408
한국지엠주식회사	0	인천광역시 부평구 부평대로 233	인천광역시	부평구	126.7198416	37.5082975
한국지엠주식회사	3	경상남도 창원시 성산구 창원대로 1124	경상남도	창원시 성산구	128.701525	35.19211
한국차량공업(주)하남	3	광주광역시 광산구 손재로 368-33	광주광역시	광산구	126.799538	35.199426
한국철강주식회사	11	경상남도 창원시 성산구 공단로103번길 12	경상남도	창원시 성산구	128.636545	35.2140035
한국케미라화학 주식회사	14	전북 군산시 자유로 233-9	전라북도	군산시	126.5779283	35.9603079
한국코오베용접(주)	8	경상남도 창원시 의창구 차룡단지로 97	경상남도	창원시 의창구	128.622938	35.241401
한국타이어	0	충청남도 금산군 제원면 금강로 1	충청남도	금산군 제원면	127.5270903	36.1170438
한국타이어(주)	0	대전광역시 대덕구 목상동 100 대덕대로 1447	대전광역시	대덕구	127.4101278	36.4488864
한국트린지오유한회사	288	울산광역시 남구 용잠로 360	울산광역시	남구	129.3724897	35.4918052
한국특수전지	6	경상남도 창원시 성산구 웅남로 780	경상남도	창원시 성산구	128.6928673	35.1947362
한국파워트레인(주)제1사업장	106048	경상북도 칠곡군 왜관읍 공단로 82	경상북도	칠곡군 왜관읍	128.4081193	35.9610672
한국파워트레인(주)제3사업장	16803	경상북도 성주군 성주읍 성주산업단지로2길 22	경상북도	성주군 성주읍	128.2867447	35.9373164
한국하니소(주)	1041	충청남도 당진시 송악읍 부곡공단1길 70	충청남도	당진시 송악읍	126.7881675	36.9464833
한국항공우주산업(주)	52856	경상남도 사천시 사남면 공단1로 78	경상남도	사천시 사남면	128.0624398	35.0715185
한국항공우주산업(주)산청	0	경상남도 산청군 금서면 친환경로 2436	경상남도	산청군 금서면	127.853527	35.4160473
한국환경개발(주)	4838	경기도 안산시 단원구 첨단로207번길 5	경기도	안산시 단원구	126.7439312	37.3067582
한농화성대산공장	172	충청남도 서산시 대산읍 독곳리 404-1	충청남도	서산시 대산읍	126.3594157	37.0021403
한닢테크(주)	490	경기도 시흥시 소망공원로 204	경기도	시흥시	126.7209155	37.3341836
한라스택폴주식회사	0	충청북도 청원군 오창읍 과학산업5로 101	충청북도	청주시 청원구 오창읍	127.4157363	36.7061948
한라시멘트주식회사	0	강원도 강릉시 옥계면 산계길 225	강원도	강릉시 옥계면	129.008427	37.5888121
한미정밀화학(주)	1749	경기도 시흥시 경제로 59	경기도	시흥시	126.7050774	37.3387332
한성테크(주)	3	전라북도 익산시 석암로3길 79	전라북도	익산시	127.0040086	35.9537004
한솔이엠이(주)군산사업소	1080	전라북도 군산시 서해로 269	전라북도	군산시	126.5776143	35.9716335
한솔홈데코익산공장	1035	전라북도 익산시 석암로17길 54	전라북도	익산시	127.0177362	35.9562945
한융금속(주)	0	경상북도 경산시 진량읍 공단4로5길 79 한융금속	경상북도	경산시 진량읍	128.8211	35.8705737
한일도요(주)진천공장	0	충청북도 진천군 광혜원면 금천길 21	충청북도	진천군 광혜원면	127.4411724	36.9772557
한일산업(주)	122519	경기도 시흥시 군자천로237번길 75	경기도	시흥시	126.7207402	37.3433494
한일산업(주)	85049	경기도 안산시 단원구 살막길 43	경기도	안산시 단원구	126.7511241	37.324035
한일스틸주식회사	0	부산광역시 사상구 가야대로48번길 53	부산광역시	사상구	128.9778381	35.1491438
한일전기주식회사	12	강원도 원주시 우산공단길 10	강원도	원주시	127.942075	37.374974
한일화학공업(주)	311	경기도 시흥시 공단1대로 37	경기도	시흥시	126.7097994	37.3486082
한진케미칼(주)	374	울산광역시 울주군 온산읍 화산로 110-24 한진케미칼	울산광역시	울주군 온산읍	129.3309949	35.4204044
한진화학(주)	1300	경기도 의왕시 고천공업로 28	경기도	의왕시	126.9697283	37.3510947
한화종합화학(주)대산사업장	1	충청남도 서산시 대산읍 독곶2로 103 한화종합화학	충청남도	서산시 대산읍	126.3533106	37.0036641
한화케미칼(주) 티디아이	0	전라남도 여수시 여수산단2로 46-47	전라남도	여수시	127.6576114	34.8087043
한화케미칼(주)여수1공장	12897	전라남도 여수시 여수산단3로 117	전라남도	여수시	127.6658582	34.8189964
한화케미칼(주)여수2공장	0	전라남도 여수시 여수산단로 349-31	전라남도	여수시	127.6646489	34.8146168
한화케미칼(주)울산1공장	6598	울산광역시 남구 상개로 141	울산광역시	남구	129.3165789	35.4976563
한화케미칼(주)울산2공장	25997	울산광역시 남구 산업로440번길 22	울산광역시	남구	129.3476629	35.5238302
한화케미칼(주)울산3	189	울산광역시 남구 용연로230번길 22	울산광역시	남구	129.3583195	35.4724963
한화테크윈(주) 3사업장	1313	경남 창원시 성산구 공단로 69 한화테크윈 3	경상남도	창원시 성산구	128.6329283	35.213595
한화테크윈(주)제2사업장	2	경남 창원시 성산구 창원대로 1204	경상남도	창원시 성산구	128.713047	35.1918312
한화토탈(주)	28303	충청남도 서산시 대산읍 독곶2로 103 한화토탈	충청남도	서산시 대산읍	126.3533106	37.0036641
한황산업(주)	2	경상남도 창원시 진해구 남의로43번길 28	경상남도	창원시 진해구	128.7863875	35.1173071
해광지오메트	3024	부산광역시 강서구 화전산단2로133번길 29	부산광역시	강서구	128.8855328	35.1063742
헨켈코리아(유)오토모티브지점	4	충청북도 음성군 금왕읍 대금로 1298	충청북도	음성군 금왕읍	127.5783082	36.9827208
현대EP(주)울산PS공장	2768	울산광역시 남구 사평로 108-256	울산광역시	남구	129.3315665	35.4908556
현대모비스(김천공장)	221	경상북도 김천시 공단로 258-45	경상북도	김천시	128.1238956	36.1493042
현대모비스(주)	0	충청북도 진천군 문백면 사양2길 95	충청북도	진천군 문백면	127.4623321	36.8419064
현대비앤지스틸(주)	0	경상남도 창원시 성산구 적현로 124	경상남도	창원시 성산구	128.608975	35.211651
현대삼호중공업(주)	337593	전라남도 영암군 삼호읍 대불로 93	전라남도	영암군 삼호읍	126.3775928	34.7389802
현대성우쏠라이트(주)경주공장	349	경북 경주시 건천읍 용명공단길 183-12 현대성우쏠라이트	경상북도	경주시 건천읍	129.1130634	35.8645413
현대성우캐스팅(주)포항공장	0	경상북도 포항시 남구 철강로 459	경상북도	포항시 남구	129.384872	35.9708912
현대스틸산업(주)	0	충청남도 천안시 서북구 성거읍 천흥8길 18-9	충청남도	천안시 서북구 성거읍	127.213819	36.8822396
현대시멘트(주)영월공장	0	강원도 영월군 한반도면 화랏길 57	강원도	영월군 한반도면	128.3205389	37.230927
현대오일뱅크	3418	충청남도 서산시 대산읍 평신2로 182 현대오일뱅크	충청남도	서산시 대산읍	126.401423	37.0015069
현대위아(주)	3	경상남도 창원시 성산구 정동로 153	경상남도	창원시 성산구	128.6878888	35.203244
현대위아주식회사창원5공장	324	경상남도 창원시 성산구 월림로 46	경상남도	창원시 성산구	128.638875	35.209218
현대자동차(주)아산공장	8423	충청남도 아산시 인주면 현대로 1077	충청남도	아산시 인주면	126.8726875	36.8493154
현대자동차(주)울산공장	44129	울산광역시 북구 염포로 700	울산광역시	북구	129.37755	35.551339
현대자동차(주)전주공장	3546	전라북도 완주군 봉동읍 완주산단5로 163	전라북도	완주군 봉동읍	127.1362085	35.9489565
현대제철(주)당진일관제철소	8604	충청남도 당진시 송악읍 북부산업로 1480 현대제철	충청남도	당진시 송악읍	126.7315169	36.9864442
현대제철(주)인천공장	268	인천광역시 동구 중봉대로 63	인천광역시	동구	126.6415396	37.4899517
현대제철(주)포항1공장	38	경상북도 포항시 남구 동해안로 6363	경상북도	포항시 남구	129.3741165	36.0056385
현대제철순천공장	323	전라남도 순천시 해룡면 인덕로 300	전라남도	순천시 해룡면	127.581401	34.917139
현대제철포항2공장	4	경상북도 포항시 남구 철강로314번길 36	경상북도	포항시 남구	129.3702948	35.9761502
현대종합금속(주)	0	경상북도 포항시 남구 대송로 100	경상북도	포항시 남구	129.3679008	35.9896544
현대종합금속(주)고창공장	0	전라북도 고창군 흥덕면 선운대로 3663 현대종합금속	전라북도	고창군 흥덕면	126.6910395	35.5198989
현대중공업(주)군산조선소	214842	전라북도 군산시 서해로 625	전라북도	군산시	126.5379758	35.966538
현대중공업(주)냉천배관공장	0	경상북도 경주시 외동읍 영지로 50	경상북도	경주시 외동읍	129.3018199	35.7189178
현대중공업(주)본공장	549544	울산광역시 동구 방어진순환도로 1000	울산광역시	동구	129.4357327	35.5283932
현대중공업(주)용연공장	27422	울산광역시 남구 처용로 800	울산광역시	남구	129.3676364	35.4692796
현대중공업(주)해양사업본부온산공장	0	울산광역시 울주군 온산읍 연자로 72 현대중공업	울산광역시	울주군 온산읍	129.3611605	35.4171673
현대중공업(주)해양사업부	88585	울산광역시 동구 방어진순환도로 400	울산광역시	동구	129.4085229	35.4764353
현대타포린	0	경상북도 경산시 남천면 대명길3길 60	경상북도	경산시 남천면	128.7208732	35.7710805
현대페인트(주)	1	인천광역시 부평구 부평북로 77	인천광역시	부평구	126.7013875	37.52305
현우산업(주)	867	인천광역시 남구 염전로 181	인천광역시	남구	126.662779	37.4770854
형제제판	2	경기도 시흥시 군자천로131번길 4	경기도	시흥시	126.7203823	37.3323106
호진플라텍	0	경기도 안산시 단원구 목내로119번길 91	경기도	안산시 단원구	126.7755608	37.311821
홍덕산업(주)건천SSW공장	0	경상북도 경주시 건천읍 용명공단길 173-160 홍덕산업	경상북도	경주시 건천읍	129.1071067	35.8731
홍덕산업(주)포항SC공장	0	경상북도 포항시 남구 대송면 철강산단로66번길 80	경상북도	포항시 남구 대송면	129.3737263	35.9547592
홍덕산업(주)포항SW공장	0	경상북도 포항시 남구 장흥로39번길 51	경상북도	포항시 남구	129.3743381	35.9773812
홍덕산업(주)포항skw공장	0	경상북도 포항시 남구 대송면 송덕로 81	경상북도	포항시 남구 대송면	129.3772364	35.958298
홍덕산업주식회사	0	경상북도 포항시 남구 철강로 328	경상북도	포항시 남구	129.3739108	35.9789409
화영상사	31	경상남도 김해시 분성로579번길 33	경상남도	김해시	128.9088304	35.2389105
화일약품주식회사	0	경기도 화성시 향남읍 제약공단3길 57	경기도	화성시 향남읍	126.9013712	37.0922348
후덕한금속(주)	0	경기도 포천시 화합로 248	경기도	포천시	127.1372495	37.8398701
휴켐스주식회사	2756	전라남도 여수시 상암로 963	전라남도	여수시	127.742302	34.8486212
흥국제선(주)포항공장	0	경상북도 포항시 남구 장흥로39번길 70	경상북도	포항시 남구	129.3758005	35.9756731
흥진산업(주)2공장	0	부산 사하구 다산로 125	부산광역시	사하구	128.9573131	35.0637356
희성금속(주)	8	인천광역시 서구 가재울로 14	인천광역시	서구	126.6756541	37.4820601
희성정밀	5	경상남도 창원시 성산구 창원대로1144번길 67	경상남도	창원시 성산구	128.7045804	35.1909726
희성정밀(주)	0	경상남도 창원시 성산구 정동로62번길 24	경상남도	창원시 성산구	128.6867455	35.1960551
희성촉매(주)	6	경기도 시흥시 소망공원로 91	경기도	시흥시	126.7114662	37.3417577
(주)TCC동양	13	경상북도 포항시 남구 괴동로 100 동양석판	경상북도	포항시 남구	129.3731669	35.9882862
(주)건홍지오메트	31991	경상남도 양산시 소주공단 6길 40-25	경상남도	양산시	129.1478488	35.4153465
(주)단석산업군산지점	1	전라북도 군산시 요죽안2길 23-15	전라북도	군산시	126.5658336	35.9629173
(주)포스코광양제철소	2059	전라남도 광양시 폭포사랑길 20-26 제철소본부	전라남도	광양시	127.736025	34.9329096
SK에너지(주)경인물류센터인천	97	인천 중구 항동7가	인천광역시	중구	126.6022125	37.4538096
SK에너지(주)대구물류센터	156	대구 동구 내곡동 345	대구광역시	동구	128.7579181	35.879745
국제약품(주)	321	경기도 안산시 단원구 초지동 648	경기도	안산시 단원구	126.7952742	37.3025927
대영포장(주)달성공장	100	대구광역시 달성군 구지면 고봉리 227	대구광역시	달성군 구지면	128.4383632	35.6478143
대정화금(주)	1783	경기도 시흥시 서해안로 186	경기도	시흥시	126.7056263	37.3468422
로얄금속공업(주)	6	경기도 부천시 경인로392번길 22	경기도	부천시	126.7989382	37.4812123
롯데케미칼(주)대산공장	37156	충청남도 서산시 대산읍 독곶1로 54	충청남도	서산시 대산읍	126.3807672	37.0071004
비엔케미칼	0	경남 양산시 주남동 540-2	경상남도	양산시	129.1547452	35.4206079
삼성전자(주)기흥	585	경기도 용인시 기흥구 농서동 161	경기도	용인시 기흥구	127.0835926	37.2287132
신풍금속(주)	0	인천광역시 서구 건지로153번길  11-20	인천광역시	서구	126.6563546	37.5005384
신한일전기(주)	557	경기도 부천시 중동로 22	경기도	부천시	126.765	37.4814512
신한중공업(주)	24512	울산광역시 울주군 온산읍 우봉리 117번지	울산광역시	울주군 온산읍	129.353927	35.4042864
에스디코리아(주)	22	경기도 화성시 무하로110번길 92	경기도	화성시 남양읍	126.8548033	37.1754755
오일허브코리아여수(주)	19	전라남도 여수시 신덕동 325	전라남도	여수시	127.7579169	34.8295274
이니츠	708	울산광역시 남구 황성동 326-2	울산광역시	남구	129.3548989	35.4626949
주식회사티티티	30384	충청남도 천안시 동남구 성남면 신사대화로 277	충청남도	천안시 동남구 성남면	127.2491684	36.7373421
징콕스코리아주식회사	8	경북 경주시 천북면 천북산단로1길 8-65	경상북도	경주시 천북면	129.265995	35.9385137
타타대우상용차주식회사	0	전라북도 군산시 소룡동 1589-1	전라북도	군산시	126.5928376	35.964823
한국석유공사평택지사	2	경기도 평택시 포승읍 원정리 1-37	경기도	평택시 포승읍	126.7896314	36.997276
영풍정밀(주)인천공장	0	인천광역시 서구 경서동 363-158	인천광역시	서구	126.6417266	37.552757
히로세코리아(주)	2	경기도 시흥시 희망공원로 250	경기도	시흥시	126.7247398	37.3431244